user_id,item_id,story,casting,direction,images,music,rating
.B8l96iDeCvYGIKBOAjXGz4-/,322250,3,3,3,3,3,5.0
.B8l96iDeCvYGIKBOAjXGz4-/,322539,5,3,3,3,5,4.0
.B8l96iDeCvYGIKBOAjXGz4-/,241898,5,3,3,3,3,4.0
.B8l96iDeCvYGIKBOAjXGz4-/,329605,5,3,5,3,3,4.0
.B8l96iDeCvYGIKBOAjXGz4-/,85316,5,3,5,5,3,5.0
.B8l96iDeCvYGIKBOAjXGz4-/,325467,1,3,1,1,3,3.0
.B8l96iDeCvYGIKBOAjXGz4-/,83982,5,3,3,3,3,4.0
.B8l96iDeCvYGIKBOAjXGz4-/,329623,3,3,3,3,3,4.0
.B8l96iDeCvYGIKBOAjXGz4-/,320824,5,5,3,3,1,5.0
.B8l96iDeCvYGIKBOAjXGz4-/,630,3,3,3,3,3,2.0
.B8l96iDeCvYGIKBOAjXGz4-/,240796,3,3,3,3,3,3.0
.B8l96iDeCvYGIKBOAjXGz4-/,320680,5,3,3,3,3,5.0
.B8l96iDeCvYGIKBOAjXGz4-/,324028,3,3,3,3,3,4.0
.B8l96iDeCvYGIKBOAjXGz4-/,161374,5,5,5,3,3,3.0
.B8l96iDeCvYGIKBOAjXGz4-/,320853,1,3,1,3,1,1.0
.B8l96iDeCvYGIKBOAjXGz4-/,327924,1,3,1,1,3,3.0
.B8l96iDeCvYGIKBOAjXGz4-/,324246,5,5,3,3,3,4.0
.B8l96iDeCvYGIKBOAjXGz4-/,83294,1,3,5,5,3,5.0
.B8l96iDeCvYGIKBOAjXGz4-/,329345,3,3,3,3,3,4.0
.B8l96iDeCvYGIKBOAjXGz4-/,325801,3,3,3,3,3,5.0
0At_OMWXfiONFAQ-/,162811,3,3,5,5,3,5.0
0At_OMWXfiONFAQ-/,87248,3,5,3,3,3,2.0
0At_OMWXfiONFAQ-/,327994,5,3,5,3,3,5.0
0At_OMWXfiONFAQ-/,329400,3,5,3,5,3,4.0
0At_OMWXfiONFAQ-/,330569,3,5,3,3,3,3.0
0At_OMWXfiONFAQ-/,338475,3,3,3,3,3,3.0
0At_OMWXfiONFAQ-/,325624,5,1,3,3,3,3.0
0At_OMWXfiONFAQ-/,322931,5,3,5,5,3,5.0
0At_OMWXfiONFAQ-/,326052,3,3,3,3,3,5.0
0At_OMWXfiONFAQ-/,332673,1,3,1,3,3,3.0
0At_OMWXfiONFAQ-/,238828,3,3,3,3,3,3.0
0At_OMWXfiONFAQ-/,327912,3,5,3,3,3,4.0
0At_OMWXfiONFAQ-/,342451,5,5,5,3,3,5.0
0At_OMWXfiONFAQ-/,342785,3,3,3,3,3,3.0
0At_OMWXfiONFAQ-/,324256,3,5,3,3,3,4.0
0At_OMWXfiONFAQ-/,327786,3,3,3,3,1,1.0
0At_OMWXfiONFAQ-/,324946,3,5,5,3,3,1.0
0At_OMWXfiONFAQ-/,329124,5,3,3,3,3,4.0
0At_OMWXfiONFAQ-/,340849,3,5,3,3,3,3.0
0At_OMWXfiONFAQ-/,333522,5,5,5,5,3,5.0
0CzBUdiCeHrNb4xmSMt7/,344412,3,1,1,3,3,1.0
0CzBUdiCeHrNb4xmSMt7/,345880,3,1,1,1,3,1.0
0CzBUdiCeHrNb4xmSMt7/,331380,3,3,3,3,3,4.0
0CzBUdiCeHrNb4xmSMt7/,330798,1,3,1,1,3,2.0
0CzBUdiCeHrNb4xmSMt7/,337197,1,5,1,3,3,2.0
0CzBUdiCeHrNb4xmSMt7/,347542,1,3,1,3,3,3.0
0CzBUdiCeHrNb4xmSMt7/,337962,3,1,1,1,3,2.0
0CzBUdiCeHrNb4xmSMt7/,341090,3,3,3,5,3,2.0
0CzBUdiCeHrNb4xmSMt7/,329107,3,3,1,3,3,2.0
0CzBUdiCeHrNb4xmSMt7/,343977,3,3,3,3,3,2.0
0CzBUdiCeHrNb4xmSMt7/,339856,5,3,3,3,3,5.0
0CzBUdiCeHrNb4xmSMt7/,338721,1,3,1,3,3,2.0
0CzBUdiCeHrNb4xmSMt7/,332244,1,1,1,1,3,1.0
0CzBUdiCeHrNb4xmSMt7/,335747,1,1,1,3,3,2.0
0CzBUdiCeHrNb4xmSMt7/,342049,3,3,3,3,3,1.0
0CzBUdiCeHrNb4xmSMt7/,329887,1,1,1,1,3,1.0
0CzBUdiCeHrNb4xmSMt7/,343488,1,3,1,3,3,2.0
0CzBUdiCeHrNb4xmSMt7/,327991,1,3,1,1,3,1.0
0CzBUdiCeHrNb4xmSMt7/,341074,3,3,3,3,3,4.0
0CzBUdiCeHrNb4xmSMt7/,341532,3,5,5,3,3,4.0
0Ks.zdyddD79RZ5kXBAU3A--/,161586,3,3,3,3,3,5.0
0Ks.zdyddD79RZ5kXBAU3A--/,327543,3,3,3,3,3,5.0
0Ks.zdyddD79RZ5kXBAU3A--/,332551,3,3,3,3,1,4.0
0Ks.zdyddD79RZ5kXBAU3A--/,325799,3,5,3,3,3,4.0
0Ks.zdyddD79RZ5kXBAU3A--/,333670,3,3,3,3,3,3.0
0Ks.zdyddD79RZ5kXBAU3A--/,329493,1,3,3,3,3,4.0
0Ks.zdyddD79RZ5kXBAU3A--/,327912,3,3,3,3,3,2.0
0Ks.zdyddD79RZ5kXBAU3A--/,331109,3,3,3,3,5,5.0
0Ks.zdyddD79RZ5kXBAU3A--/,326216,3,3,3,3,3,4.0
0Ks.zdyddD79RZ5kXBAU3A--/,329807,3,3,3,3,3,5.0
0Ks.zdyddD79RZ5kXBAU3A--/,329124,3,3,3,3,3,5.0
0Ks.zdyddD79RZ5kXBAU3A--/,322994,3,3,3,3,3,4.0
0Ks.zdyddD79RZ5kXBAU3A--/,333252,3,3,3,3,3,5.0
0Ks.zdyddD79RZ5kXBAU3A--/,329055,3,3,3,3,3,3.0
0Ks.zdyddD79RZ5kXBAU3A--/,325624,3,3,3,3,3,4.0
0Ks.zdyddD79RZ5kXBAU3A--/,329293,3,1,3,3,3,3.0
0Ks.zdyddD79RZ5kXBAU3A--/,334507,3,3,3,3,3,2.0
0Ks.zdyddD79RZ5kXBAU3A--/,323987,3,3,3,3,5,5.0
0Ks.zdyddD79RZ5kXBAU3A--/,236086,3,3,3,3,1,5.0
0Ks.zdyddD79RZ5kXBAU3A--/,327914,3,3,3,3,3,2.0
0lM8DQaFdDqmh_VMa7d5/,336481,3,5,3,3,3,4.0
0lM8DQaFdDqmh_VMa7d5/,336448,3,3,3,3,3,4.0
0lM8DQaFdDqmh_VMa7d5/,339967,5,5,5,5,3,3.0
0lM8DQaFdDqmh_VMa7d5/,334235,5,3,3,3,3,4.0
0lM8DQaFdDqmh_VMa7d5/,340151,5,5,5,3,5,4.0
0lM8DQaFdDqmh_VMa7d5/,337733,3,3,3,3,3,4.0
0lM8DQaFdDqmh_VMa7d5/,338090,5,5,5,3,3,5.0
0lM8DQaFdDqmh_VMa7d5/,339180,1,3,3,3,3,3.0
0lM8DQaFdDqmh_VMa7d5/,340828,3,3,3,3,3,3.0
0lM8DQaFdDqmh_VMa7d5/,342575,3,3,3,3,3,3.0
0lM8DQaFdDqmh_VMa7d5/,339354,1,3,1,1,3,2.0
0lM8DQaFdDqmh_VMa7d5/,343336,3,3,5,3,3,4.0
0lM8DQaFdDqmh_VMa7d5/,341701,5,3,3,3,3,4.0
0lM8DQaFdDqmh_VMa7d5/,343946,3,3,1,3,3,2.0
0lM8DQaFdDqmh_VMa7d5/,343527,3,3,3,3,3,4.0
0lM8DQaFdDqmh_VMa7d5/,341804,3,3,3,3,3,2.0
0lM8DQaFdDqmh_VMa7d5/,336897,3,1,1,1,1,3.0
0lM8DQaFdDqmh_VMa7d5/,335594,3,5,3,3,3,4.0
0lM8DQaFdDqmh_VMa7d5/,341641,5,3,5,3,3,4.0
0lM8DQaFdDqmh_VMa7d5/,341643,1,3,1,3,3,2.0
1g0giPOSZyO3A7s.xOk_SVI-/,329605,5,3,5,3,3,4.0
1g0giPOSZyO3A7s.xOk_SVI-/,342158,3,3,3,5,3,3.0
1g0giPOSZyO3A7s.xOk_SVI-/,161771,1,3,1,3,3,2.0
1g0giPOSZyO3A7s.xOk_SVI-/,338475,3,3,1,1,1,3.0
1g0giPOSZyO3A7s.xOk_SVI-/,327991,3,3,3,3,3,2.0
1g0giPOSZyO3A7s.xOk_SVI-/,329400,1,1,1,1,3,1.0
1g0giPOSZyO3A7s.xOk_SVI-/,330569,1,1,1,1,1,1.0
1g0giPOSZyO3A7s.xOk_SVI-/,333193,5,3,3,5,3,3.0
1g0giPOSZyO3A7s.xOk_SVI-/,334058,5,3,5,3,3,4.0
1g0giPOSZyO3A7s.xOk_SVI-/,331380,5,3,5,5,3,3.0
1g0giPOSZyO3A7s.xOk_SVI-/,7246,3,3,5,5,3,3.0
1g0giPOSZyO3A7s.xOk_SVI-/,339915,3,5,5,3,1,3.0
1g0giPOSZyO3A7s.xOk_SVI-/,322281,3,3,3,5,3,4.0
1g0giPOSZyO3A7s.xOk_SVI-/,1281,5,5,5,3,3,3.0
1g0giPOSZyO3A7s.xOk_SVI-/,326203,1,3,3,3,1,3.0
1g0giPOSZyO3A7s.xOk_SVI-/,330418,5,3,5,5,3,4.0
1g0giPOSZyO3A7s.xOk_SVI-/,321979,5,1,3,3,3,4.0
1g0giPOSZyO3A7s.xOk_SVI-/,340494,1,5,1,3,3,3.0
1g0giPOSZyO3A7s.xOk_SVI-/,9995,5,3,5,3,3,3.0
1g0giPOSZyO3A7s.xOk_SVI-/,336605,3,5,5,3,3,4.0
2rC3S1GcZzc5GW2gWA--/,337910,5,3,5,3,3,4.0
2rC3S1GcZzc5GW2gWA--/,336698,3,5,3,5,5,2.0
2rC3S1GcZzc5GW2gWA--/,339115,3,5,5,3,3,4.0
2rC3S1GcZzc5GW2gWA--/,336592,3,5,3,3,3,4.0
2rC3S1GcZzc5GW2gWA--/,338336,5,5,5,3,3,4.0
2rC3S1GcZzc5GW2gWA--/,346540,3,3,5,5,5,4.0
2rC3S1GcZzc5GW2gWA--/,348084,1,3,1,1,3,4.0
2rC3S1GcZzc5GW2gWA--/,341586,5,3,5,3,3,4.0
2rC3S1GcZzc5GW2gWA--/,343365,3,1,3,3,3,3.0
2rC3S1GcZzc5GW2gWA--/,340335,3,5,5,3,3,4.0
2rC3S1GcZzc5GW2gWA--/,340078,5,5,5,3,3,3.0
2rC3S1GcZzc5GW2gWA--/,334208,1,5,3,3,3,3.0
2rC3S1GcZzc5GW2gWA--/,349260,3,3,3,3,3,4.0
2rC3S1GcZzc5GW2gWA--/,343712,3,5,5,3,3,4.0
2rC3S1GcZzc5GW2gWA--/,340852,1,3,1,3,3,3.0
2rC3S1GcZzc5GW2gWA--/,336481,3,3,5,3,3,4.0
2rC3S1GcZzc5GW2gWA--/,344361,5,3,3,3,3,4.0
2rC3S1GcZzc5GW2gWA--/,337962,5,5,5,3,3,3.0
2rC3S1GcZzc5GW2gWA--/,336755,3,3,3,3,3,3.0
2rC3S1GcZzc5GW2gWA--/,336174,3,3,3,3,3,4.0
3bkYu5yefHj8OoJVC7PtpQ--/,321911,5,5,5,5,3,4.0
3bkYu5yefHj8OoJVC7PtpQ--/,332673,1,3,1,1,3,3.0
3bkYu5yefHj8OoJVC7PtpQ--/,16122,1,1,1,1,3,1.0
3bkYu5yefHj8OoJVC7PtpQ--/,85364,3,3,3,3,3,2.0
3bkYu5yefHj8OoJVC7PtpQ--/,333833,1,3,1,5,3,2.0
3bkYu5yefHj8OoJVC7PtpQ--/,162168,1,3,5,5,3,3.0
3bkYu5yefHj8OoJVC7PtpQ--/,332681,1,3,1,3,3,2.0
3bkYu5yefHj8OoJVC7PtpQ--/,332598,5,3,5,5,3,3.0
3bkYu5yefHj8OoJVC7PtpQ--/,318846,1,1,1,1,3,1.0
3bkYu5yefHj8OoJVC7PtpQ--/,332566,1,1,1,1,3,2.0
3bkYu5yefHj8OoJVC7PtpQ--/,330690,5,3,5,5,3,3.0
3bkYu5yefHj8OoJVC7PtpQ--/,332678,1,5,5,5,3,2.0
3bkYu5yefHj8OoJVC7PtpQ--/,334875,3,3,1,3,3,1.0
3bkYu5yefHj8OoJVC7PtpQ--/,333641,1,1,1,3,3,2.0
3bkYu5yefHj8OoJVC7PtpQ--/,335133,1,3,1,1,3,2.0
3bkYu5yefHj8OoJVC7PtpQ--/,331973,1,1,1,5,3,2.0
3bkYu5yefHj8OoJVC7PtpQ--/,332005,1,5,1,3,3,4.0
3bkYu5yefHj8OoJVC7PtpQ--/,332521,3,3,1,5,3,1.0
3bkYu5yefHj8OoJVC7PtpQ--/,331467,1,1,1,3,3,3.0
3bkYu5yefHj8OoJVC7PtpQ--/,333057,1,5,1,1,3,2.0
5FrGCtKSZy.HI.FdBafUeGoo/,345422,3,3,5,5,5,4.0
5FrGCtKSZy.HI.FdBafUeGoo/,327912,3,5,3,3,5,5.0
5FrGCtKSZy.HI.FdBafUeGoo/,339156,5,5,5,5,3,5.0
5FrGCtKSZy.HI.FdBafUeGoo/,344361,1,5,1,3,3,2.0
5FrGCtKSZy.HI.FdBafUeGoo/,341728,3,5,5,3,3,4.0
5FrGCtKSZy.HI.FdBafUeGoo/,86718,3,5,5,5,3,5.0
5FrGCtKSZy.HI.FdBafUeGoo/,342984,5,5,5,3,5,5.0
5FrGCtKSZy.HI.FdBafUeGoo/,327204,3,5,5,3,3,5.0
5FrGCtKSZy.HI.FdBafUeGoo/,343365,3,5,5,3,5,4.0
5FrGCtKSZy.HI.FdBafUeGoo/,343523,3,5,3,3,3,5.0
5FrGCtKSZy.HI.FdBafUeGoo/,341884,3,5,3,5,3,5.0
5FrGCtKSZy.HI.FdBafUeGoo/,344222,5,5,5,3,3,5.0
5FrGCtKSZy.HI.FdBafUeGoo/,337503,3,3,3,3,5,5.0
5FrGCtKSZy.HI.FdBafUeGoo/,345692,3,5,3,3,3,5.0
5FrGCtKSZy.HI.FdBafUeGoo/,330245,5,5,3,3,3,5.0
5FrGCtKSZy.HI.FdBafUeGoo/,338319,3,5,3,3,3,5.0
5FrGCtKSZy.HI.FdBafUeGoo/,343176,3,5,3,3,5,4.0
5FrGCtKSZy.HI.FdBafUeGoo/,345554,3,5,3,3,3,5.0
5FrGCtKSZy.HI.FdBafUeGoo/,342623,5,5,5,3,3,5.0
5FrGCtKSZy.HI.FdBafUeGoo/,342733,3,5,5,3,3,5.0
5MAe8_2DZi_Zcwz74jIcJpZ4/,340064,3,5,1,1,3,3.0
5MAe8_2DZi_Zcwz74jIcJpZ4/,341452,3,5,3,3,3,3.0
5MAe8_2DZi_Zcwz74jIcJpZ4/,343456,3,5,3,3,3,3.0
5MAe8_2DZi_Zcwz74jIcJpZ4/,341374,3,1,3,3,3,3.0
5MAe8_2DZi_Zcwz74jIcJpZ4/,338649,5,5,5,3,3,4.0
5MAe8_2DZi_Zcwz74jIcJpZ4/,343721,3,5,3,3,3,4.0
5MAe8_2DZi_Zcwz74jIcJpZ4/,343529,5,5,5,5,3,4.0
5MAe8_2DZi_Zcwz74jIcJpZ4/,341523,3,5,3,3,3,3.0
5MAe8_2DZi_Zcwz74jIcJpZ4/,342205,3,3,5,5,3,4.0
5MAe8_2DZi_Zcwz74jIcJpZ4/,343507,5,5,5,5,3,4.0
5MAe8_2DZi_Zcwz74jIcJpZ4/,341611,3,5,5,5,3,4.0
5MAe8_2DZi_Zcwz74jIcJpZ4/,340851,1,3,3,5,3,3.0
5MAe8_2DZi_Zcwz74jIcJpZ4/,344429,1,5,3,3,3,3.0
5MAe8_2DZi_Zcwz74jIcJpZ4/,339915,3,5,5,5,3,4.0
5MAe8_2DZi_Zcwz74jIcJpZ4/,341293,3,3,3,3,3,3.0
5MAe8_2DZi_Zcwz74jIcJpZ4/,342478,3,5,3,3,3,3.0
5MAe8_2DZi_Zcwz74jIcJpZ4/,340512,3,5,3,3,3,3.0
5MAe8_2DZi_Zcwz74jIcJpZ4/,342338,5,5,5,3,3,4.0
5MAe8_2DZi_Zcwz74jIcJpZ4/,344450,3,3,3,3,3,3.0
5MAe8_2DZi_Zcwz74jIcJpZ4/,339228,3,3,3,3,3,3.0
7R0DthCbfC2onWmsgA.lxHz8ivlP/,327916,1,5,1,1,1,2.0
7R0DthCbfC2onWmsgA.lxHz8ivlP/,332026,1,3,3,3,3,3.0
7R0DthCbfC2onWmsgA.lxHz8ivlP/,162057,3,5,5,3,3,5.0
7R0DthCbfC2onWmsgA.lxHz8ivlP/,326536,3,1,1,3,3,3.0
7R0DthCbfC2onWmsgA.lxHz8ivlP/,321121,1,3,1,3,3,4.0
7R0DthCbfC2onWmsgA.lxHz8ivlP/,324256,3,5,3,3,3,4.0
7R0DthCbfC2onWmsgA.lxHz8ivlP/,239779,5,3,5,3,1,4.0
7R0DthCbfC2onWmsgA.lxHz8ivlP/,161850,3,3,3,3,3,4.0
7R0DthCbfC2onWmsgA.lxHz8ivlP/,160133,3,5,5,3,3,4.0
7R0DthCbfC2onWmsgA.lxHz8ivlP/,20034,3,3,3,3,5,5.0
7R0DthCbfC2onWmsgA.lxHz8ivlP/,331111,1,1,5,3,3,3.0
7R0DthCbfC2onWmsgA.lxHz8ivlP/,328546,3,3,1,3,3,4.0
7R0DthCbfC2onWmsgA.lxHz8ivlP/,327839,1,5,3,3,3,4.0
7R0DthCbfC2onWmsgA.lxHz8ivlP/,326203,3,3,5,3,3,5.0
7R0DthCbfC2onWmsgA.lxHz8ivlP/,319038,1,3,1,3,3,3.0
7R0DthCbfC2onWmsgA.lxHz8ivlP/,2154,3,3,3,3,3,3.0
7R0DthCbfC2onWmsgA.lxHz8ivlP/,18187,3,3,3,3,3,3.0
7R0DthCbfC2onWmsgA.lxHz8ivlP/,326246,5,5,5,5,5,5.0
7R0DthCbfC2onWmsgA.lxHz8ivlP/,329291,3,5,1,3,1,2.0
7R0DthCbfC2onWmsgA.lxHz8ivlP/,241370,1,3,1,3,1,2.0
7XiR5NKdbCHrkcg86RtxSYY-/,324252,3,3,3,3,3,3.0
7XiR5NKdbCHrkcg86RtxSYY-/,327925,1,3,1,3,3,2.0
7XiR5NKdbCHrkcg86RtxSYY-/,324028,3,1,3,5,3,2.0
7XiR5NKdbCHrkcg86RtxSYY-/,240267,3,3,5,5,3,3.0
7XiR5NKdbCHrkcg86RtxSYY-/,331816,5,5,5,3,3,5.0
7XiR5NKdbCHrkcg86RtxSYY-/,322922,1,3,3,3,3,2.0
7XiR5NKdbCHrkcg86RtxSYY-/,159857,3,3,3,3,3,1.0
7XiR5NKdbCHrkcg86RtxSYY-/,238161,3,5,3,3,5,3.0
7XiR5NKdbCHrkcg86RtxSYY-/,321766,5,5,3,3,3,4.0
7XiR5NKdbCHrkcg86RtxSYY-/,239553,3,3,3,3,3,2.0
7XiR5NKdbCHrkcg86RtxSYY-/,239785,3,3,5,5,3,2.0
7XiR5NKdbCHrkcg86RtxSYY-/,324789,5,5,5,3,3,3.0
7XiR5NKdbCHrkcg86RtxSYY-/,322731,1,3,1,3,3,1.0
7XiR5NKdbCHrkcg86RtxSYY-/,320059,1,1,1,3,3,2.0
7XiR5NKdbCHrkcg86RtxSYY-/,322931,3,5,3,3,3,2.0
7XiR5NKdbCHrkcg86RtxSYY-/,322605,3,5,5,3,3,4.0
7XiR5NKdbCHrkcg86RtxSYY-/,16247,3,3,3,3,3,4.0
7XiR5NKdbCHrkcg86RtxSYY-/,161819,3,3,1,1,3,2.0
7XiR5NKdbCHrkcg86RtxSYY-/,318646,1,3,3,3,3,2.0
7XiR5NKdbCHrkcg86RtxSYY-/,322041,5,3,5,5,3,4.0
8VOL5OSbYCDDkz1K1qV1yD5mO5gAdQuh/,241894,3,5,5,3,5,5.0
8VOL5OSbYCDDkz1K1qV1yD5mO5gAdQuh/,335122,1,5,1,3,3,3.0
8VOL5OSbYCDDkz1K1qV1yD5mO5gAdQuh/,6006,5,5,5,5,3,5.0
8VOL5OSbYCDDkz1K1qV1yD5mO5gAdQuh/,324203,5,5,5,3,3,3.0
8VOL5OSbYCDDkz1K1qV1yD5mO5gAdQuh/,236576,1,5,1,1,3,3.0
8VOL5OSbYCDDkz1K1qV1yD5mO5gAdQuh/,334516,3,5,5,5,3,4.0
8VOL5OSbYCDDkz1K1qV1yD5mO5gAdQuh/,332244,5,5,5,3,3,4.0
8VOL5OSbYCDDkz1K1qV1yD5mO5gAdQuh/,159595,5,5,3,3,3,4.0
8VOL5OSbYCDDkz1K1qV1yD5mO5gAdQuh/,321821,5,5,5,5,3,4.0
8VOL5OSbYCDDkz1K1qV1yD5mO5gAdQuh/,2050,3,5,3,3,3,5.0
8VOL5OSbYCDDkz1K1qV1yD5mO5gAdQuh/,328493,3,3,3,3,3,4.0
8VOL5OSbYCDDkz1K1qV1yD5mO5gAdQuh/,333252,3,5,3,3,3,4.0
8VOL5OSbYCDDkz1K1qV1yD5mO5gAdQuh/,323638,5,5,5,5,3,5.0
8VOL5OSbYCDDkz1K1qV1yD5mO5gAdQuh/,83416,5,5,3,3,3,4.0
8VOL5OSbYCDDkz1K1qV1yD5mO5gAdQuh/,323681,5,5,5,5,5,4.0
8VOL5OSbYCDDkz1K1qV1yD5mO5gAdQuh/,237101,3,5,5,5,3,4.0
8VOL5OSbYCDDkz1K1qV1yD5mO5gAdQuh/,237373,5,5,5,5,3,5.0
8VOL5OSbYCDDkz1K1qV1yD5mO5gAdQuh/,327925,5,5,5,5,3,5.0
8VOL5OSbYCDDkz1K1qV1yD5mO5gAdQuh/,327838,1,5,5,5,3,3.0
8VOL5OSbYCDDkz1K1qV1yD5mO5gAdQuh/,334855,5,5,5,5,3,4.0
9QziJTuCdDrtECq39.yTfEtKhw--/,341849,3,5,3,3,3,5.0
9QziJTuCdDrtECq39.yTfEtKhw--/,343237,1,3,1,3,3,3.0
9QziJTuCdDrtECq39.yTfEtKhw--/,339309,3,3,5,3,3,4.0
9QziJTuCdDrtECq39.yTfEtKhw--/,338081,1,1,1,3,3,3.0
9QziJTuCdDrtECq39.yTfEtKhw--/,339180,5,3,5,1,3,5.0
9QziJTuCdDrtECq39.yTfEtKhw--/,338137,3,5,3,3,3,4.0
9QziJTuCdDrtECq39.yTfEtKhw--/,343639,3,3,3,3,3,4.0
9QziJTuCdDrtECq39.yTfEtKhw--/,330179,3,3,3,3,3,4.0
9QziJTuCdDrtECq39.yTfEtKhw--/,332430,1,3,3,5,3,4.0
9QziJTuCdDrtECq39.yTfEtKhw--/,342785,5,5,5,3,5,4.0
9QziJTuCdDrtECq39.yTfEtKhw--/,339230,5,5,5,3,3,5.0
9QziJTuCdDrtECq39.yTfEtKhw--/,330912,5,3,5,3,3,4.0
9QziJTuCdDrtECq39.yTfEtKhw--/,333627,3,3,3,3,3,3.0
9QziJTuCdDrtECq39.yTfEtKhw--/,342363,3,3,5,3,3,5.0
9QziJTuCdDrtECq39.yTfEtKhw--/,340151,1,1,1,1,3,3.0
9QziJTuCdDrtECq39.yTfEtKhw--/,340493,1,1,1,3,3,3.0
9QziJTuCdDrtECq39.yTfEtKhw--/,341611,3,3,1,3,5,4.0
9QziJTuCdDrtECq39.yTfEtKhw--/,332390,1,3,1,1,3,3.0
9QziJTuCdDrtECq39.yTfEtKhw--/,342623,1,5,1,1,1,2.0
9QziJTuCdDrtECq39.yTfEtKhw--/,333520,1,3,1,1,3,2.0
9wk.TsOQeSGwXD9dodbr4JD_4FFW/,322385,5,3,5,3,3,4.0
9wk.TsOQeSGwXD9dodbr4JD_4FFW/,162764,1,5,1,3,3,3.0
9wk.TsOQeSGwXD9dodbr4JD_4FFW/,18189,5,5,5,5,3,4.0
9wk.TsOQeSGwXD9dodbr4JD_4FFW/,16993,3,5,5,5,3,5.0
9wk.TsOQeSGwXD9dodbr4JD_4FFW/,322311,3,5,5,5,3,4.0
9wk.TsOQeSGwXD9dodbr4JD_4FFW/,324445,1,3,1,5,3,3.0
9wk.TsOQeSGwXD9dodbr4JD_4FFW/,319046,5,3,5,3,3,5.0
9wk.TsOQeSGwXD9dodbr4JD_4FFW/,18931,5,5,5,3,3,4.0
9wk.TsOQeSGwXD9dodbr4JD_4FFW/,159875,5,3,5,3,3,5.0
9wk.TsOQeSGwXD9dodbr4JD_4FFW/,326039,3,3,5,3,3,3.0
9wk.TsOQeSGwXD9dodbr4JD_4FFW/,320424,5,5,5,3,3,4.0
9wk.TsOQeSGwXD9dodbr4JD_4FFW/,329605,5,3,5,3,3,5.0
9wk.TsOQeSGwXD9dodbr4JD_4FFW/,320487,1,1,1,1,3,4.0
9wk.TsOQeSGwXD9dodbr4JD_4FFW/,83647,5,3,5,3,3,5.0
9wk.TsOQeSGwXD9dodbr4JD_4FFW/,28680,5,3,5,3,3,4.0
9wk.TsOQeSGwXD9dodbr4JD_4FFW/,25222,1,3,1,5,3,3.0
9wk.TsOQeSGwXD9dodbr4JD_4FFW/,4801,3,3,5,3,3,5.0
9wk.TsOQeSGwXD9dodbr4JD_4FFW/,324479,5,3,5,5,3,4.0
9wk.TsOQeSGwXD9dodbr4JD_4FFW/,322769,3,3,3,3,3,3.0
9wk.TsOQeSGwXD9dodbr4JD_4FFW/,51658,1,3,5,5,3,4.0
A6Bt9oqedCAzAHo8nQ--/,331403,5,5,5,3,3,5.0
A6Bt9oqedCAzAHo8nQ--/,332281,1,1,1,1,3,2.0
A6Bt9oqedCAzAHo8nQ--/,324246,5,3,3,3,3,4.0
A6Bt9oqedCAzAHo8nQ--/,327707,3,5,3,3,3,4.0
A6Bt9oqedCAzAHo8nQ--/,327936,3,5,3,3,3,3.0
A6Bt9oqedCAzAHo8nQ--/,324954,5,5,5,3,3,4.0
A6Bt9oqedCAzAHo8nQ--/,322083,5,5,5,5,3,4.0
A6Bt9oqedCAzAHo8nQ--/,323799,5,3,5,3,3,4.0
A6Bt9oqedCAzAHo8nQ--/,324932,3,5,3,3,3,2.0
A6Bt9oqedCAzAHo8nQ--/,323360,5,5,5,3,3,4.0
A6Bt9oqedCAzAHo8nQ--/,322731,3,3,3,3,3,3.0
A6Bt9oqedCAzAHo8nQ--/,327031,5,5,5,5,3,5.0
A6Bt9oqedCAzAHo8nQ--/,333828,3,5,5,3,3,4.0
A6Bt9oqedCAzAHo8nQ--/,328120,3,3,5,3,3,4.0
A6Bt9oqedCAzAHo8nQ--/,10814,5,5,5,3,3,5.0
A6Bt9oqedCAzAHo8nQ--/,319347,1,3,3,3,3,3.0
A6Bt9oqedCAzAHo8nQ--/,239600,5,3,5,3,3,5.0
A6Bt9oqedCAzAHo8nQ--/,335516,5,5,5,3,3,4.0
A6Bt9oqedCAzAHo8nQ--/,325622,5,5,5,5,3,5.0
A6Bt9oqedCAzAHo8nQ--/,329299,5,5,5,3,3,5.0
AG7GE92CdCIDmrJ4vHyieqhCmTt8/,341611,3,5,3,3,3,4.0
AG7GE92CdCIDmrJ4vHyieqhCmTt8/,325032,3,3,3,3,1,3.0
AG7GE92CdCIDmrJ4vHyieqhCmTt8/,327455,3,3,3,3,3,3.0
AG7GE92CdCIDmrJ4vHyieqhCmTt8/,325627,3,3,5,5,3,4.0
AG7GE92CdCIDmrJ4vHyieqhCmTt8/,324443,1,5,1,5,3,2.0
AG7GE92CdCIDmrJ4vHyieqhCmTt8/,324789,3,3,1,3,3,3.0
AG7GE92CdCIDmrJ4vHyieqhCmTt8/,324286,3,3,5,5,3,4.0
AG7GE92CdCIDmrJ4vHyieqhCmTt8/,332812,5,3,3,3,3,5.0
AG7GE92CdCIDmrJ4vHyieqhCmTt8/,327839,3,1,1,3,3,3.0
AG7GE92CdCIDmrJ4vHyieqhCmTt8/,326741,3,3,3,3,5,3.0
AG7GE92CdCIDmrJ4vHyieqhCmTt8/,327122,1,5,1,1,3,3.0
AG7GE92CdCIDmrJ4vHyieqhCmTt8/,326053,3,1,1,3,3,1.0
AG7GE92CdCIDmrJ4vHyieqhCmTt8/,325801,1,3,3,3,3,3.0
AG7GE92CdCIDmrJ4vHyieqhCmTt8/,326054,3,3,1,1,3,1.0
AG7GE92CdCIDmrJ4vHyieqhCmTt8/,325319,1,3,1,3,3,2.0
AG7GE92CdCIDmrJ4vHyieqhCmTt8/,325794,1,3,3,3,3,3.0
AG7GE92CdCIDmrJ4vHyieqhCmTt8/,324826,5,3,3,3,3,4.0
AG7GE92CdCIDmrJ4vHyieqhCmTt8/,323801,5,3,5,3,3,3.0
AG7GE92CdCIDmrJ4vHyieqhCmTt8/,323917,3,5,3,3,3,3.0
AG7GE92CdCIDmrJ4vHyieqhCmTt8/,326725,1,5,1,1,3,1.0
ALrOs_.bdCgZ9Rnu2A--/,326723,1,5,1,1,3,2.0
ALrOs_.bdCgZ9Rnu2A--/,347420,5,5,5,3,3,4.0
ALrOs_.bdCgZ9Rnu2A--/,324408,5,5,5,5,3,4.0
ALrOs_.bdCgZ9Rnu2A--/,322729,3,5,5,3,3,3.0
ALrOs_.bdCgZ9Rnu2A--/,324032,5,5,5,5,5,4.0
ALrOs_.bdCgZ9Rnu2A--/,322769,3,3,1,3,3,3.0
ALrOs_.bdCgZ9Rnu2A--/,345697,3,5,5,3,3,3.0
ALrOs_.bdCgZ9Rnu2A--/,323985,3,5,1,1,3,3.0
ALrOs_.bdCgZ9Rnu2A--/,324545,3,1,1,1,3,3.0
ALrOs_.bdCgZ9Rnu2A--/,323681,5,5,5,3,3,5.0
ALrOs_.bdCgZ9Rnu2A--/,339056,5,5,5,3,3,4.0
ALrOs_.bdCgZ9Rnu2A--/,325096,1,1,1,3,3,2.0
ALrOs_.bdCgZ9Rnu2A--/,336508,1,1,1,1,3,1.0
ALrOs_.bdCgZ9Rnu2A--/,339723,1,1,1,1,3,2.0
ALrOs_.bdCgZ9Rnu2A--/,324357,3,5,5,3,3,4.0
ALrOs_.bdCgZ9Rnu2A--/,324028,3,3,1,5,3,3.0
ALrOs_.bdCgZ9Rnu2A--/,325401,3,5,5,3,3,4.0
ALrOs_.bdCgZ9Rnu2A--/,324630,5,5,3,5,3,4.0
ALrOs_.bdCgZ9Rnu2A--/,323850,5,5,5,3,3,4.0
ALrOs_.bdCgZ9Rnu2A--/,323225,5,5,5,5,3,5.0
BGBAYw.edD4VlQXTeUs-/,329231,3,3,3,3,3,5.0
BGBAYw.edD4VlQXTeUs-/,327529,1,3,3,5,3,3.0
BGBAYw.edD4VlQXTeUs-/,332616,5,5,5,3,3,5.0
BGBAYw.edD4VlQXTeUs-/,328975,3,5,5,3,3,4.0
BGBAYw.edD4VlQXTeUs-/,332137,1,5,5,3,3,4.0
BGBAYw.edD4VlQXTeUs-/,330912,3,3,3,3,3,4.0
BGBAYw.edD4VlQXTeUs-/,330690,5,5,5,5,3,5.0
BGBAYw.edD4VlQXTeUs-/,329715,1,5,5,3,5,4.0
BGBAYw.edD4VlQXTeUs-/,328680,5,5,5,3,3,5.0
BGBAYw.edD4VlQXTeUs-/,328945,5,3,5,5,5,4.0
BGBAYw.edD4VlQXTeUs-/,332286,5,5,5,3,3,5.0
BGBAYw.edD4VlQXTeUs-/,330138,3,1,1,3,3,3.0
BGBAYw.edD4VlQXTeUs-/,329614,3,3,1,1,3,1.0
BGBAYw.edD4VlQXTeUs-/,331364,1,3,1,1,3,2.0
BGBAYw.edD4VlQXTeUs-/,330922,1,3,1,5,3,3.0
BGBAYw.edD4VlQXTeUs-/,329522,5,3,5,5,3,4.0
BGBAYw.edD4VlQXTeUs-/,328901,1,5,1,1,3,2.0
BGBAYw.edD4VlQXTeUs-/,328495,3,3,3,5,5,4.0
BGBAYw.edD4VlQXTeUs-/,335518,1,5,1,1,3,1.0
BGBAYw.edD4VlQXTeUs-/,329681,5,5,5,3,3,5.0
BuC927iUcCvhLIZgKwvG/,347420,5,5,5,5,3,4.0
BuC927iUcCvhLIZgKwvG/,348415,5,5,5,3,3,4.0
BuC927iUcCvhLIZgKwvG/,342041,5,3,3,3,3,4.0
BuC927iUcCvhLIZgKwvG/,348084,3,3,5,3,3,5.0
BuC927iUcCvhLIZgKwvG/,341526,5,3,5,3,3,4.0
BuC927iUcCvhLIZgKwvG/,346394,1,5,5,3,3,5.0
BuC927iUcCvhLIZgKwvG/,340196,1,1,1,1,3,1.0
BuC927iUcCvhLIZgKwvG/,346263,1,3,5,5,5,5.0
BuC927iUcCvhLIZgKwvG/,349260,1,1,1,1,3,2.0
BuC927iUcCvhLIZgKwvG/,337503,5,5,5,5,3,5.0
BuC927iUcCvhLIZgKwvG/,349295,1,5,5,3,3,2.0
BuC927iUcCvhLIZgKwvG/,346393,3,5,5,5,3,5.0
BuC927iUcCvhLIZgKwvG/,348715,3,3,5,5,5,5.0
BuC927iUcCvhLIZgKwvG/,336357,1,3,3,5,3,3.0
BuC927iUcCvhLIZgKwvG/,340758,3,3,3,3,3,3.0
BuC927iUcCvhLIZgKwvG/,348085,1,3,1,1,3,1.0
BuC927iUcCvhLIZgKwvG/,337979,5,3,5,3,3,3.0
BuC927iUcCvhLIZgKwvG/,332617,3,5,3,3,3,3.0
BuC927iUcCvhLIZgKwvG/,334768,1,5,1,3,3,2.0
BuC927iUcCvhLIZgKwvG/,342552,5,3,5,5,3,4.0
BuG3lEmddDSDCr80gUfzQABi3EQ-/,327081,3,3,3,3,3,3.0
BuG3lEmddDSDCr80gUfzQABi3EQ-/,329614,5,3,3,5,3,4.0
BuG3lEmddDSDCr80gUfzQABi3EQ-/,331000,3,3,3,3,3,4.0
BuG3lEmddDSDCr80gUfzQABi3EQ-/,90208,3,3,3,3,5,5.0
BuG3lEmddDSDCr80gUfzQABi3EQ-/,328996,3,3,1,1,3,3.0
BuG3lEmddDSDCr80gUfzQABi3EQ-/,326733,1,3,3,3,3,2.0
BuG3lEmddDSDCr80gUfzQABi3EQ-/,328359,3,1,3,3,5,4.0
BuG3lEmddDSDCr80gUfzQABi3EQ-/,330434,1,3,1,3,3,4.0
BuG3lEmddDSDCr80gUfzQABi3EQ-/,20674,3,3,3,3,1,5.0
BuG3lEmddDSDCr80gUfzQABi3EQ-/,329623,3,3,3,5,3,5.0
BuG3lEmddDSDCr80gUfzQABi3EQ-/,330418,5,1,1,3,3,3.0
BuG3lEmddDSDCr80gUfzQABi3EQ-/,330552,3,3,3,3,3,3.0
BuG3lEmddDSDCr80gUfzQABi3EQ-/,330573,1,3,1,5,3,4.0
BuG3lEmddDSDCr80gUfzQABi3EQ-/,333967,5,3,5,5,3,5.0
BuG3lEmddDSDCr80gUfzQABi3EQ-/,90204,3,3,3,5,5,5.0
BuG3lEmddDSDCr80gUfzQABi3EQ-/,329605,3,3,3,3,3,5.0
BuG3lEmddDSDCr80gUfzQABi3EQ-/,329400,1,3,1,3,3,2.0
BuG3lEmddDSDCr80gUfzQABi3EQ-/,328515,5,3,3,5,5,4.0
BuG3lEmddDSDCr80gUfzQABi3EQ-/,23987,3,3,5,5,3,5.0
BuG3lEmddDSDCr80gUfzQABi3EQ-/,325438,5,3,5,3,3,4.0
D745PySddDTb5MhBIzbA/,28680,5,5,5,3,3,5.0
D745PySddDTb5MhBIzbA/,329757,3,3,3,3,3,4.0
D745PySddDTb5MhBIzbA/,329623,5,5,5,5,3,4.0
D745PySddDTb5MhBIzbA/,321232,5,3,5,3,3,4.0
D745PySddDTb5MhBIzbA/,327707,3,5,3,3,3,3.0
D745PySddDTb5MhBIzbA/,319078,3,5,5,3,3,4.0
D745PySddDTb5MhBIzbA/,326294,5,3,3,3,3,4.0
D745PySddDTb5MhBIzbA/,25436,3,5,5,3,3,4.0
D745PySddDTb5MhBIzbA/,327386,5,5,5,3,3,3.0
D745PySddDTb5MhBIzbA/,330415,5,5,5,5,3,4.0
D745PySddDTb5MhBIzbA/,326723,5,3,5,3,3,3.0
D745PySddDTb5MhBIzbA/,328151,5,3,5,3,3,4.0
D745PySddDTb5MhBIzbA/,327839,5,5,3,3,3,3.0
D745PySddDTb5MhBIzbA/,326536,1,3,1,3,3,2.0
D745PySddDTb5MhBIzbA/,326203,3,3,3,3,3,4.0
D745PySddDTb5MhBIzbA/,326771,3,3,3,3,3,3.0
D745PySddDTb5MhBIzbA/,11933,5,5,5,3,3,5.0
D745PySddDTb5MhBIzbA/,327081,3,3,3,3,3,4.0
D745PySddDTb5MhBIzbA/,326744,3,5,3,3,3,2.0
D745PySddDTb5MhBIzbA/,325627,3,3,3,5,5,5.0
D9cva6iQZytK5LEyGVnlu5g-/,323450,1,3,1,1,3,1.0
D9cva6iQZytK5LEyGVnlu5g-/,333186,3,3,3,3,5,4.0
D9cva6iQZytK5LEyGVnlu5g-/,332832,1,1,1,3,3,1.0
D9cva6iQZytK5LEyGVnlu5g-/,329455,3,1,3,3,3,2.0
D9cva6iQZytK5LEyGVnlu5g-/,333057,3,3,3,3,3,3.0
D9cva6iQZytK5LEyGVnlu5g-/,324149,5,3,5,3,3,4.0
D9cva6iQZytK5LEyGVnlu5g-/,329055,3,3,3,3,3,3.0
D9cva6iQZytK5LEyGVnlu5g-/,327384,3,5,5,3,3,4.0
D9cva6iQZytK5LEyGVnlu5g-/,332673,1,3,1,3,3,1.0
D9cva6iQZytK5LEyGVnlu5g-/,333640,5,3,3,3,3,4.0
D9cva6iQZytK5LEyGVnlu5g-/,333161,5,5,3,3,3,4.0
D9cva6iQZytK5LEyGVnlu5g-/,332616,1,5,5,5,3,4.0
D9cva6iQZytK5LEyGVnlu5g-/,330507,5,3,3,1,3,3.0
D9cva6iQZytK5LEyGVnlu5g-/,330042,5,5,5,3,3,4.0
D9cva6iQZytK5LEyGVnlu5g-/,161371,1,3,1,3,3,3.0
D9cva6iQZytK5LEyGVnlu5g-/,321292,3,3,3,3,3,2.0
D9cva6iQZytK5LEyGVnlu5g-/,330915,3,3,3,3,3,4.0
D9cva6iQZytK5LEyGVnlu5g-/,324483,3,3,3,3,3,1.0
D9cva6iQZytK5LEyGVnlu5g-/,319347,1,1,1,1,3,1.0
D9cva6iQZytK5LEyGVnlu5g-/,325661,3,5,3,3,3,5.0
DJzdFTuceiVoGQBNgFEE4fa0IzIifekOMZ2M6w--/,51452,3,5,5,3,3,4.0
DJzdFTuceiVoGQBNgFEE4fa0IzIifekOMZ2M6w--/,241897,3,5,5,3,3,4.0
DJzdFTuceiVoGQBNgFEE4fa0IzIifekOMZ2M6w--/,334208,5,5,5,3,3,5.0
DJzdFTuceiVoGQBNgFEE4fa0IzIifekOMZ2M6w--/,335605,3,3,3,5,3,5.0
DJzdFTuceiVoGQBNgFEE4fa0IzIifekOMZ2M6w--/,323319,3,3,3,3,3,3.0
DJzdFTuceiVoGQBNgFEE4fa0IzIifekOMZ2M6w--/,2155,3,3,5,3,3,4.0
DJzdFTuceiVoGQBNgFEE4fa0IzIifekOMZ2M6w--/,336357,1,3,3,3,3,2.0
DJzdFTuceiVoGQBNgFEE4fa0IzIifekOMZ2M6w--/,2608,5,5,5,5,3,5.0
DJzdFTuceiVoGQBNgFEE4fa0IzIifekOMZ2M6w--/,12117,5,3,5,5,3,5.0
DJzdFTuceiVoGQBNgFEE4fa0IzIifekOMZ2M6w--/,162855,5,5,5,5,3,5.0
DJzdFTuceiVoGQBNgFEE4fa0IzIifekOMZ2M6w--/,327120,3,3,3,3,3,2.0
DJzdFTuceiVoGQBNgFEE4fa0IzIifekOMZ2M6w--/,16363,3,3,3,5,3,4.0
DJzdFTuceiVoGQBNgFEE4fa0IzIifekOMZ2M6w--/,25850,5,5,5,5,3,5.0
DJzdFTuceiVoGQBNgFEE4fa0IzIifekOMZ2M6w--/,324026,3,5,5,3,3,5.0
DJzdFTuceiVoGQBNgFEE4fa0IzIifekOMZ2M6w--/,13485,3,5,3,3,3,4.0
DJzdFTuceiVoGQBNgFEE4fa0IzIifekOMZ2M6w--/,20625,5,5,5,5,3,5.0
DJzdFTuceiVoGQBNgFEE4fa0IzIifekOMZ2M6w--/,20708,3,5,5,3,3,5.0
DJzdFTuceiVoGQBNgFEE4fa0IzIifekOMZ2M6w--/,319259,5,5,5,5,5,5.0
DJzdFTuceiVoGQBNgFEE4fa0IzIifekOMZ2M6w--/,235234,1,5,3,3,3,4.0
DJzdFTuceiVoGQBNgFEE4fa0IzIifekOMZ2M6w--/,320389,3,1,5,3,3,4.0
DXVpQvWPdD1HLFt4rQ--/,324736,1,3,3,3,1,2.0
DXVpQvWPdD1HLFt4rQ--/,87931,3,3,3,3,3,5.0
DXVpQvWPdD1HLFt4rQ--/,331400,1,5,1,3,3,3.0
DXVpQvWPdD1HLFt4rQ--/,324946,5,5,5,3,3,5.0
DXVpQvWPdD1HLFt4rQ--/,336736,1,1,1,1,3,3.0
DXVpQvWPdD1HLFt4rQ--/,323156,3,5,3,3,3,4.0
DXVpQvWPdD1HLFt4rQ--/,241683,3,5,3,3,5,4.0
DXVpQvWPdD1HLFt4rQ--/,321932,3,5,3,3,3,4.0
DXVpQvWPdD1HLFt4rQ--/,323985,5,5,5,5,5,4.0
DXVpQvWPdD1HLFt4rQ--/,330289,5,3,5,3,3,4.0
DXVpQvWPdD1HLFt4rQ--/,324257,5,5,5,3,3,4.0
DXVpQvWPdD1HLFt4rQ--/,331483,3,3,3,5,3,4.0
DXVpQvWPdD1HLFt4rQ--/,334768,5,5,5,3,3,4.0
DXVpQvWPdD1HLFt4rQ--/,327991,5,5,3,5,3,5.0
DXVpQvWPdD1HLFt4rQ--/,241485,3,3,3,3,3,4.0
DXVpQvWPdD1HLFt4rQ--/,334089,3,3,5,5,3,4.0
DXVpQvWPdD1HLFt4rQ--/,330416,5,3,5,5,3,4.0
DXVpQvWPdD1HLFt4rQ--/,323983,5,5,5,5,3,5.0
DXVpQvWPdD1HLFt4rQ--/,322926,3,3,3,5,3,3.0
DXVpQvWPdD1HLFt4rQ--/,330418,5,3,3,1,3,5.0
DaL94hGPdCNgBD4lRcXPCjY-/,318699,3,3,3,3,3,4.0
DaL94hGPdCNgBD4lRcXPCjY-/,321598,3,3,3,3,3,3.0
DaL94hGPdCNgBD4lRcXPCjY-/,25274,5,5,5,3,3,4.0
DaL94hGPdCNgBD4lRcXPCjY-/,16329,5,3,5,3,3,4.0
DaL94hGPdCNgBD4lRcXPCjY-/,322931,3,5,3,3,3,3.0
DaL94hGPdCNgBD4lRcXPCjY-/,319234,3,5,3,3,3,5.0
DaL94hGPdCNgBD4lRcXPCjY-/,85016,5,5,5,3,3,5.0
DaL94hGPdCNgBD4lRcXPCjY-/,18328,3,3,5,3,3,4.0
DaL94hGPdCNgBD4lRcXPCjY-/,162811,1,3,1,3,3,1.0
DaL94hGPdCNgBD4lRcXPCjY-/,234690,3,5,3,3,3,4.0
DaL94hGPdCNgBD4lRcXPCjY-/,29038,5,3,5,5,5,5.0
DaL94hGPdCNgBD4lRcXPCjY-/,25717,5,3,3,3,3,5.0
DaL94hGPdCNgBD4lRcXPCjY-/,21600,5,5,5,5,3,4.0
DaL94hGPdCNgBD4lRcXPCjY-/,324033,1,3,1,3,3,4.0
DaL94hGPdCNgBD4lRcXPCjY-/,234685,1,3,5,5,5,4.0
DaL94hGPdCNgBD4lRcXPCjY-/,322311,1,1,1,1,3,2.0
DaL94hGPdCNgBD4lRcXPCjY-/,321099,5,5,5,5,3,5.0
DaL94hGPdCNgBD4lRcXPCjY-/,9010,5,3,3,3,3,5.0
DaL94hGPdCNgBD4lRcXPCjY-/,327066,3,3,3,3,3,5.0
DaL94hGPdCNgBD4lRcXPCjY-/,320807,3,3,3,3,3,4.0
EYo7oGqbdCOo_Pq6EgN7Gg--/,318646,5,3,3,3,3,4.0
EYo7oGqbdCOo_Pq6EgN7Gg--/,332747,5,3,5,3,3,5.0
EYo7oGqbdCOo_Pq6EgN7Gg--/,334516,3,3,3,5,3,2.0
EYo7oGqbdCOo_Pq6EgN7Gg--/,318997,3,3,3,3,3,3.0
EYo7oGqbdCOo_Pq6EgN7Gg--/,337899,3,5,3,3,3,3.0
EYo7oGqbdCOo_Pq6EgN7Gg--/,337581,3,5,3,5,3,4.0
EYo7oGqbdCOo_Pq6EgN7Gg--/,18114,3,3,3,1,3,3.0
EYo7oGqbdCOo_Pq6EgN7Gg--/,10814,5,3,5,3,5,5.0
EYo7oGqbdCOo_Pq6EgN7Gg--/,335925,3,5,3,3,3,5.0
EYo7oGqbdCOo_Pq6EgN7Gg--/,334837,3,5,3,3,3,2.0
EYo7oGqbdCOo_Pq6EgN7Gg--/,334089,1,3,3,5,3,3.0
EYo7oGqbdCOo_Pq6EgN7Gg--/,337031,3,5,3,3,3,5.0
EYo7oGqbdCOo_Pq6EgN7Gg--/,338479,3,5,3,3,5,4.0
EYo7oGqbdCOo_Pq6EgN7Gg--/,335785,3,5,3,3,5,3.0
EYo7oGqbdCOo_Pq6EgN7Gg--/,327866,5,5,5,5,5,4.0
EYo7oGqbdCOo_Pq6EgN7Gg--/,335510,3,3,3,3,3,3.0
EYo7oGqbdCOo_Pq6EgN7Gg--/,335875,3,5,3,3,3,3.0
EYo7oGqbdCOo_Pq6EgN7Gg--/,333497,1,3,3,5,3,3.0
EYo7oGqbdCOo_Pq6EgN7Gg--/,335655,3,3,3,3,5,4.0
EYo7oGqbdCOo_Pq6EgN7Gg--/,334208,3,5,3,3,3,4.0
FCXQaT.PfXpdn_NIlg--/,323470,3,3,3,5,5,5.0
FCXQaT.PfXpdn_NIlg--/,151599,3,5,5,5,3,3.0
FCXQaT.PfXpdn_NIlg--/,239580,3,5,3,3,3,4.0
FCXQaT.PfXpdn_NIlg--/,325829,3,3,3,3,3,5.0
FCXQaT.PfXpdn_NIlg--/,234828,3,3,3,3,3,3.0
FCXQaT.PfXpdn_NIlg--/,333858,5,5,5,5,5,4.0
FCXQaT.PfXpdn_NIlg--/,327925,3,3,3,3,3,5.0
FCXQaT.PfXpdn_NIlg--/,11457,5,3,5,3,3,5.0
FCXQaT.PfXpdn_NIlg--/,25717,3,3,3,3,5,4.0
FCXQaT.PfXpdn_NIlg--/,342041,5,3,5,3,3,4.0
FCXQaT.PfXpdn_NIlg--/,327923,3,3,3,3,3,2.0
FCXQaT.PfXpdn_NIlg--/,3503,5,3,3,3,3,4.0
FCXQaT.PfXpdn_NIlg--/,13693,5,5,5,5,3,5.0
FCXQaT.PfXpdn_NIlg--/,321979,5,5,5,5,3,5.0
FCXQaT.PfXpdn_NIlg--/,241450,5,5,5,3,3,4.0
FCXQaT.PfXpdn_NIlg--/,240845,1,3,3,3,3,3.0
FCXQaT.PfXpdn_NIlg--/,85121,3,1,3,3,3,3.0
FCXQaT.PfXpdn_NIlg--/,332729,5,3,5,3,3,4.0
FCXQaT.PfXpdn_NIlg--/,339308,1,5,1,3,3,3.0
FCXQaT.PfXpdn_NIlg--/,336031,5,5,5,5,3,5.0
FGJ3S8WEdCdSnhelii0ZBIE8/,320373,1,3,3,3,3,2.0
FGJ3S8WEdCdSnhelii0ZBIE8/,50321,3,3,3,3,3,4.0
FGJ3S8WEdCdSnhelii0ZBIE8/,238161,3,3,3,3,3,5.0
FGJ3S8WEdCdSnhelii0ZBIE8/,318914,3,3,3,3,3,5.0
FGJ3S8WEdCdSnhelii0ZBIE8/,326148,3,3,3,3,3,4.0
FGJ3S8WEdCdSnhelii0ZBIE8/,330560,3,3,3,3,3,4.0
FGJ3S8WEdCdSnhelii0ZBIE8/,336888,3,3,3,3,3,4.0
FGJ3S8WEdCdSnhelii0ZBIE8/,322770,3,3,3,3,3,3.0
FGJ3S8WEdCdSnhelii0ZBIE8/,330434,5,3,3,3,3,4.0
FGJ3S8WEdCdSnhelii0ZBIE8/,328546,3,3,3,3,3,3.0
FGJ3S8WEdCdSnhelii0ZBIE8/,241450,5,5,5,5,3,5.0
FGJ3S8WEdCdSnhelii0ZBIE8/,336887,3,3,3,3,3,2.0
FGJ3S8WEdCdSnhelii0ZBIE8/,83416,5,5,5,3,3,5.0
FGJ3S8WEdCdSnhelii0ZBIE8/,319606,5,3,3,3,3,5.0
FGJ3S8WEdCdSnhelii0ZBIE8/,4572,5,3,3,3,3,5.0
FGJ3S8WEdCdSnhelii0ZBIE8/,52338,3,5,3,3,3,5.0
FGJ3S8WEdCdSnhelii0ZBIE8/,161271,5,3,5,3,3,4.0
FGJ3S8WEdCdSnhelii0ZBIE8/,330764,1,3,1,3,3,2.0
FGJ3S8WEdCdSnhelii0ZBIE8/,318699,1,3,1,3,3,5.0
FGJ3S8WEdCdSnhelii0ZBIE8/,335875,5,5,3,3,3,4.0
FRpOOmOGcC_EOPOiEKm4CA--/,323801,5,3,3,3,3,4.0
FRpOOmOGcC_EOPOiEKm4CA--/,323400,5,5,5,5,3,4.0
FRpOOmOGcC_EOPOiEKm4CA--/,333223,3,1,1,3,3,1.0
FRpOOmOGcC_EOPOiEKm4CA--/,326032,3,5,5,3,5,4.0
FRpOOmOGcC_EOPOiEKm4CA--/,334577,1,3,1,3,3,3.0
FRpOOmOGcC_EOPOiEKm4CA--/,344381,3,5,5,3,3,4.0
FRpOOmOGcC_EOPOiEKm4CA--/,335874,1,3,3,3,3,3.0
FRpOOmOGcC_EOPOiEKm4CA--/,338319,3,3,3,3,3,4.0
FRpOOmOGcC_EOPOiEKm4CA--/,332153,5,5,5,3,5,3.0
FRpOOmOGcC_EOPOiEKm4CA--/,329124,5,3,3,3,3,4.0
FRpOOmOGcC_EOPOiEKm4CA--/,340852,3,5,3,3,3,4.0
FRpOOmOGcC_EOPOiEKm4CA--/,153631,3,3,3,3,3,5.0
FRpOOmOGcC_EOPOiEKm4CA--/,328752,3,5,3,3,5,4.0
FRpOOmOGcC_EOPOiEKm4CA--/,326859,5,3,5,5,5,3.0
FRpOOmOGcC_EOPOiEKm4CA--/,344584,3,3,3,5,5,5.0
FRpOOmOGcC_EOPOiEKm4CA--/,336888,3,3,3,3,3,4.0
FRpOOmOGcC_EOPOiEKm4CA--/,327202,3,5,3,3,3,3.0
FRpOOmOGcC_EOPOiEKm4CA--/,341516,3,5,5,3,3,3.0
FRpOOmOGcC_EOPOiEKm4CA--/,338644,1,5,1,3,3,2.0
FRpOOmOGcC_EOPOiEKm4CA--/,326308,3,5,3,5,1,4.0
Fw_W40GOZiYCNwyFcik-/,334855,3,3,3,3,3,4.0
Fw_W40GOZiYCNwyFcik-/,338318,1,3,3,5,3,3.0
Fw_W40GOZiYCNwyFcik-/,335440,5,3,5,5,3,5.0
Fw_W40GOZiYCNwyFcik-/,338115,3,3,3,3,3,4.0
Fw_W40GOZiYCNwyFcik-/,335983,3,5,3,5,1,3.0
Fw_W40GOZiYCNwyFcik-/,336061,3,3,3,3,3,4.0
Fw_W40GOZiYCNwyFcik-/,332707,3,3,3,3,3,3.0
Fw_W40GOZiYCNwyFcik-/,336142,3,3,3,3,3,3.0
Fw_W40GOZiYCNwyFcik-/,336630,5,3,5,5,3,4.0
Fw_W40GOZiYCNwyFcik-/,337475,3,3,3,3,3,3.0
Fw_W40GOZiYCNwyFcik-/,322922,5,5,5,5,3,4.0
Fw_W40GOZiYCNwyFcik-/,333965,3,3,5,3,3,5.0
Fw_W40GOZiYCNwyFcik-/,337094,3,3,3,3,3,3.0
Fw_W40GOZiYCNwyFcik-/,336333,1,1,3,1,3,3.0
Fw_W40GOZiYCNwyFcik-/,336808,3,3,3,3,3,3.0
Fw_W40GOZiYCNwyFcik-/,335875,3,5,3,3,3,5.0
Fw_W40GOZiYCNwyFcik-/,324146,3,3,3,3,3,4.0
Fw_W40GOZiYCNwyFcik-/,336520,3,3,3,3,3,4.0
Fw_W40GOZiYCNwyFcik-/,322736,1,3,3,3,3,2.0
Fw_W40GOZiYCNwyFcik-/,330171,3,3,3,3,3,3.0
GD9jyJObeiULVbrMJ0ltNbG7q7A-/,335129,3,3,3,3,3,4.0
GD9jyJObeiULVbrMJ0ltNbG7q7A-/,328151,5,5,5,3,3,5.0
GD9jyJObeiULVbrMJ0ltNbG7q7A-/,336818,5,5,5,3,3,5.0
GD9jyJObeiULVbrMJ0ltNbG7q7A-/,327079,3,5,5,5,3,4.0
GD9jyJObeiULVbrMJ0ltNbG7q7A-/,336888,3,5,3,3,3,4.0
GD9jyJObeiULVbrMJ0ltNbG7q7A-/,322857,3,5,3,3,3,3.0
GD9jyJObeiULVbrMJ0ltNbG7q7A-/,326063,3,5,5,3,3,5.0
GD9jyJObeiULVbrMJ0ltNbG7q7A-/,333025,3,5,5,3,3,4.0
GD9jyJObeiULVbrMJ0ltNbG7q7A-/,335926,3,3,3,3,3,3.0
GD9jyJObeiULVbrMJ0ltNbG7q7A-/,340946,3,5,3,3,3,4.0
GD9jyJObeiULVbrMJ0ltNbG7q7A-/,333057,3,5,3,3,3,4.0
GD9jyJObeiULVbrMJ0ltNbG7q7A-/,334301,3,5,3,3,3,3.0
GD9jyJObeiULVbrMJ0ltNbG7q7A-/,337733,5,5,5,3,3,4.0
GD9jyJObeiULVbrMJ0ltNbG7q7A-/,338580,5,5,5,5,3,5.0
GD9jyJObeiULVbrMJ0ltNbG7q7A-/,340852,5,5,3,3,3,4.0
GD9jyJObeiULVbrMJ0ltNbG7q7A-/,332569,5,5,5,3,3,4.0
GD9jyJObeiULVbrMJ0ltNbG7q7A-/,329190,5,5,5,3,3,5.0
GD9jyJObeiULVbrMJ0ltNbG7q7A-/,331863,3,5,3,3,3,4.0
GD9jyJObeiULVbrMJ0ltNbG7q7A-/,326201,5,3,5,3,3,3.0
GD9jyJObeiULVbrMJ0ltNbG7q7A-/,338758,3,3,5,3,3,4.0
HaSbYtOfdi_VUnhkJvzMi3Y9lZfiUQ--/,238861,3,5,1,3,3,4.0
HaSbYtOfdi_VUnhkJvzMi3Y9lZfiUQ--/,323572,3,3,3,3,3,2.0
HaSbYtOfdi_VUnhkJvzMi3Y9lZfiUQ--/,325271,5,5,3,5,3,3.0
HaSbYtOfdi_VUnhkJvzMi3Y9lZfiUQ--/,320268,3,5,3,3,3,3.0
HaSbYtOfdi_VUnhkJvzMi3Y9lZfiUQ--/,320237,1,3,3,5,5,3.0
HaSbYtOfdi_VUnhkJvzMi3Y9lZfiUQ--/,329978,3,3,3,3,3,5.0
HaSbYtOfdi_VUnhkJvzMi3Y9lZfiUQ--/,322116,5,3,3,3,3,3.0
HaSbYtOfdi_VUnhkJvzMi3Y9lZfiUQ--/,10909,3,3,3,3,3,4.0
HaSbYtOfdi_VUnhkJvzMi3Y9lZfiUQ--/,327384,3,1,1,3,3,2.0
HaSbYtOfdi_VUnhkJvzMi3Y9lZfiUQ--/,321024,3,3,3,3,3,4.0
HaSbYtOfdi_VUnhkJvzMi3Y9lZfiUQ--/,332414,5,3,5,3,3,4.0
HaSbYtOfdi_VUnhkJvzMi3Y9lZfiUQ--/,159702,3,5,5,3,3,4.0
HaSbYtOfdi_VUnhkJvzMi3Y9lZfiUQ--/,330473,3,3,3,3,3,4.0
HaSbYtOfdi_VUnhkJvzMi3Y9lZfiUQ--/,240096,3,5,3,5,3,4.0
HaSbYtOfdi_VUnhkJvzMi3Y9lZfiUQ--/,321050,1,3,3,3,3,2.0
HaSbYtOfdi_VUnhkJvzMi3Y9lZfiUQ--/,146948,5,3,3,3,5,5.0
HaSbYtOfdi_VUnhkJvzMi3Y9lZfiUQ--/,333792,1,3,1,3,3,2.0
HaSbYtOfdi_VUnhkJvzMi3Y9lZfiUQ--/,327912,3,5,3,5,3,3.0
HaSbYtOfdi_VUnhkJvzMi3Y9lZfiUQ--/,329493,3,5,3,3,5,3.0
HaSbYtOfdi_VUnhkJvzMi3Y9lZfiUQ--/,320161,3,5,3,3,3,2.0
L8_RnRuEdCqd0zxY8TM-/,235964,3,5,5,3,3,4.0
L8_RnRuEdCqd0zxY8TM-/,239532,5,3,5,3,5,4.0
L8_RnRuEdCqd0zxY8TM-/,332771,5,3,3,3,3,4.0
L8_RnRuEdCqd0zxY8TM-/,338140,5,5,5,5,5,5.0
L8_RnRuEdCqd0zxY8TM-/,20625,3,3,3,3,3,5.0
L8_RnRuEdCqd0zxY8TM-/,321930,3,5,3,3,3,3.0
L8_RnRuEdCqd0zxY8TM-/,325438,3,3,3,3,3,4.0
L8_RnRuEdCqd0zxY8TM-/,152607,5,5,5,5,5,5.0
L8_RnRuEdCqd0zxY8TM-/,333518,5,3,3,3,3,3.0
L8_RnRuEdCqd0zxY8TM-/,337475,3,3,3,3,3,3.0
L8_RnRuEdCqd0zxY8TM-/,329811,1,3,1,3,3,5.0
L8_RnRuEdCqd0zxY8TM-/,159307,5,3,5,5,3,5.0
L8_RnRuEdCqd0zxY8TM-/,19772,5,5,5,3,3,4.0
L8_RnRuEdCqd0zxY8TM-/,240353,3,3,3,3,3,4.0
L8_RnRuEdCqd0zxY8TM-/,159705,5,5,5,5,3,4.0
L8_RnRuEdCqd0zxY8TM-/,2608,3,5,3,3,3,3.0
L8_RnRuEdCqd0zxY8TM-/,234828,3,3,5,5,5,5.0
L8_RnRuEdCqd0zxY8TM-/,236598,5,3,5,5,5,4.0
L8_RnRuEdCqd0zxY8TM-/,337482,5,5,5,5,3,5.0
L8_RnRuEdCqd0zxY8TM-/,159709,1,3,3,3,3,5.0
LKyh6hiObDRPPIWyssw-/,336112,3,1,3,3,3,3.0
LKyh6hiObDRPPIWyssw-/,331732,1,3,3,3,3,4.0
LKyh6hiObDRPPIWyssw-/,327529,3,3,3,3,3,3.0
LKyh6hiObDRPPIWyssw-/,345620,5,3,3,3,3,3.0
LKyh6hiObDRPPIWyssw-/,347720,3,5,3,3,3,4.0
LKyh6hiObDRPPIWyssw-/,341767,1,3,3,3,3,1.0
LKyh6hiObDRPPIWyssw-/,328960,3,3,3,3,3,4.0
LKyh6hiObDRPPIWyssw-/,339701,3,3,3,3,3,3.0
LKyh6hiObDRPPIWyssw-/,340557,1,3,1,3,3,2.0
LKyh6hiObDRPPIWyssw-/,341436,3,3,3,3,3,3.0
LKyh6hiObDRPPIWyssw-/,327991,3,5,3,3,3,3.0
LKyh6hiObDRPPIWyssw-/,341611,1,3,1,3,3,3.0
LKyh6hiObDRPPIWyssw-/,327993,1,1,1,1,3,1.0
LKyh6hiObDRPPIWyssw-/,341516,1,1,1,1,3,2.0
LKyh6hiObDRPPIWyssw-/,327396,1,3,1,3,3,2.0
LKyh6hiObDRPPIWyssw-/,340403,1,3,1,1,3,2.0
LKyh6hiObDRPPIWyssw-/,325136,1,3,1,3,3,2.0
LKyh6hiObDRPPIWyssw-/,341646,3,3,3,3,5,4.0
LKyh6hiObDRPPIWyssw-/,328724,1,3,3,3,3,4.0
LKyh6hiObDRPPIWyssw-/,344300,1,3,1,1,3,2.0
MhkuuRubfSpptZe6CQ--/,324256,5,5,5,5,3,5.0
MhkuuRubfSpptZe6CQ--/,332286,5,3,5,3,3,5.0
MhkuuRubfSpptZe6CQ--/,327272,3,5,3,3,3,4.0
MhkuuRubfSpptZe6CQ--/,324445,5,5,5,5,3,3.0
MhkuuRubfSpptZe6CQ--/,321099,5,3,5,5,3,4.0
MhkuuRubfSpptZe6CQ--/,332960,1,1,1,1,3,1.0
MhkuuRubfSpptZe6CQ--/,328160,3,5,3,3,3,5.0
MhkuuRubfSpptZe6CQ--/,321982,3,5,5,3,3,5.0
MhkuuRubfSpptZe6CQ--/,22318,5,5,5,5,3,5.0
MhkuuRubfSpptZe6CQ--/,333831,1,5,1,1,3,3.0
MhkuuRubfSpptZe6CQ--/,329456,5,5,3,3,3,4.0
MhkuuRubfSpptZe6CQ--/,333858,5,5,5,5,3,4.0
MhkuuRubfSpptZe6CQ--/,331062,3,3,3,3,3,5.0
MhkuuRubfSpptZe6CQ--/,334089,1,1,1,1,3,3.0
MhkuuRubfSpptZe6CQ--/,329623,3,3,3,3,3,2.0
MhkuuRubfSpptZe6CQ--/,331380,1,3,1,5,3,3.0
MhkuuRubfSpptZe6CQ--/,11210,5,3,3,5,1,4.0
MhkuuRubfSpptZe6CQ--/,332829,1,5,5,5,3,3.0
MhkuuRubfSpptZe6CQ--/,480,5,5,5,5,3,5.0
MhkuuRubfSpptZe6CQ--/,330940,3,3,5,5,3,4.0
NDKWI92bdD1WiUeSOw--/,329129,5,3,5,3,3,4.0
NDKWI92bdD1WiUeSOw--/,329614,3,3,5,3,3,3.0
NDKWI92bdD1WiUeSOw--/,328541,5,3,5,3,3,3.0
NDKWI92bdD1WiUeSOw--/,328626,5,3,5,5,3,4.0
NDKWI92bdD1WiUeSOw--/,327925,3,3,3,3,3,3.0
NDKWI92bdD1WiUeSOw--/,328807,5,3,3,3,3,4.0
NDKWI92bdD1WiUeSOw--/,328224,3,3,5,3,3,4.0
NDKWI92bdD1WiUeSOw--/,11933,5,3,5,5,3,4.0
NDKWI92bdD1WiUeSOw--/,159712,5,3,3,3,3,4.0
NDKWI92bdD1WiUeSOw--/,83681,5,3,3,3,3,4.0
NDKWI92bdD1WiUeSOw--/,237878,5,3,5,3,3,3.0
NDKWI92bdD1WiUeSOw--/,328825,5,3,5,3,3,3.0
NDKWI92bdD1WiUeSOw--/,237880,5,3,5,5,3,3.0
NDKWI92bdD1WiUeSOw--/,161562,5,3,5,5,3,3.0
NDKWI92bdD1WiUeSOw--/,161856,5,3,5,3,3,4.0
NDKWI92bdD1WiUeSOw--/,10814,5,3,5,5,3,4.0
NDKWI92bdD1WiUeSOw--/,329714,5,3,5,3,3,3.0
NDKWI92bdD1WiUeSOw--/,328357,3,3,5,3,3,4.0
NDKWI92bdD1WiUeSOw--/,329623,3,3,1,3,1,3.0
NDKWI92bdD1WiUeSOw--/,326701,3,3,5,3,3,4.0
NTTN8_CPeDpmob8SBQ--/,332197,1,1,3,3,3,2.0
NTTN8_CPeDpmob8SBQ--/,329614,3,3,1,1,3,1.0
NTTN8_CPeDpmob8SBQ--/,330569,3,3,3,3,3,3.0
NTTN8_CPeDpmob8SBQ--/,328970,1,3,1,3,3,3.0
NTTN8_CPeDpmob8SBQ--/,328899,5,3,3,5,3,5.0
NTTN8_CPeDpmob8SBQ--/,327991,3,3,3,3,3,3.0
NTTN8_CPeDpmob8SBQ--/,334768,1,3,1,3,3,1.0
NTTN8_CPeDpmob8SBQ--/,329878,5,5,3,3,5,5.0
NTTN8_CPeDpmob8SBQ--/,336591,3,3,3,1,3,5.0
NTTN8_CPeDpmob8SBQ--/,342015,3,3,5,3,3,3.0
NTTN8_CPeDpmob8SBQ--/,330913,5,5,5,3,3,4.0
NTTN8_CPeDpmob8SBQ--/,329623,5,5,5,3,3,5.0
NTTN8_CPeDpmob8SBQ--/,329807,5,5,3,3,3,5.0
NTTN8_CPeDpmob8SBQ--/,330878,5,3,3,1,3,4.0
NTTN8_CPeDpmob8SBQ--/,328907,1,3,3,5,3,1.0
NTTN8_CPeDpmob8SBQ--/,330008,5,5,5,3,3,5.0
NTTN8_CPeDpmob8SBQ--/,329757,5,3,5,5,3,5.0
NTTN8_CPeDpmob8SBQ--/,330418,3,5,3,3,3,5.0
NTTN8_CPeDpmob8SBQ--/,327994,5,5,5,3,3,5.0
NTTN8_CPeDpmob8SBQ--/,329346,3,5,3,3,3,4.0
NUe14myReiHP30p58ybHJyA-/,84115,3,3,3,5,3,2.0
NUe14myReiHP30p58ybHJyA-/,330880,1,5,3,3,3,1.0
NUe14myReiHP30p58ybHJyA-/,161563,3,5,3,5,3,4.0
NUe14myReiHP30p58ybHJyA-/,322460,3,5,3,3,3,4.0
NUe14myReiHP30p58ybHJyA-/,160254,5,5,5,5,3,3.0
NUe14myReiHP30p58ybHJyA-/,161226,1,1,3,3,3,1.0
NUe14myReiHP30p58ybHJyA-/,330552,3,5,3,3,5,4.0
NUe14myReiHP30p58ybHJyA-/,15577,3,5,3,3,3,5.0
NUe14myReiHP30p58ybHJyA-/,236796,3,3,3,5,3,3.0
NUe14myReiHP30p58ybHJyA-/,239734,3,3,1,3,3,4.0
NUe14myReiHP30p58ybHJyA-/,320267,3,5,5,3,5,4.0
NUe14myReiHP30p58ybHJyA-/,328680,3,5,3,3,3,4.0
NUe14myReiHP30p58ybHJyA-/,329605,5,3,5,3,3,4.0
NUe14myReiHP30p58ybHJyA-/,320646,3,3,3,3,5,3.0
NUe14myReiHP30p58ybHJyA-/,52338,3,5,5,3,3,3.0
NUe14myReiHP30p58ybHJyA-/,328191,5,5,5,3,3,3.0
NUe14myReiHP30p58ybHJyA-/,329342,3,3,3,3,3,2.0
NUe14myReiHP30p58ybHJyA-/,329978,5,3,5,5,3,3.0
NUe14myReiHP30p58ybHJyA-/,326203,3,3,3,1,3,3.0
NUe14myReiHP30p58ybHJyA-/,235234,3,5,3,3,3,4.0
OTd586KUdyeceXtg/,327795,3,3,3,5,3,4.0
OTd586KUdyeceXtg/,327619,3,5,5,3,3,4.0
OTd586KUdyeceXtg/,340403,1,3,3,3,3,2.0
OTd586KUdyeceXtg/,330473,5,5,5,3,3,4.0
OTd586KUdyeceXtg/,329929,3,3,3,3,3,3.0
OTd586KUdyeceXtg/,330434,3,5,3,1,3,4.0
OTd586KUdyeceXtg/,330418,5,3,3,3,3,4.0
OTd586KUdyeceXtg/,325865,5,5,5,5,3,4.0
OTd586KUdyeceXtg/,330551,1,1,3,3,3,3.0
OTd586KUdyeceXtg/,323455,3,5,5,5,3,5.0
OTd586KUdyeceXtg/,328626,1,3,1,1,3,3.0
OTd586KUdyeceXtg/,327081,3,3,3,5,3,3.0
OTd586KUdyeceXtg/,328207,3,5,3,3,3,2.0
OTd586KUdyeceXtg/,330912,1,3,1,1,3,3.0
OTd586KUdyeceXtg/,84141,3,5,3,3,5,4.0
OTd586KUdyeceXtg/,329614,1,3,1,1,3,1.0
OTd586KUdyeceXtg/,329107,3,3,3,5,5,3.0
OTd586KUdyeceXtg/,328445,3,3,5,3,3,4.0
OTd586KUdyeceXtg/,330416,3,5,5,5,3,5.0
OTd586KUdyeceXtg/,327866,3,3,3,1,3,2.0
Pd8URaWdejpZe2HyFURZYdW.Oq0-/,330227,3,3,3,3,3,3.0
Pd8URaWdejpZe2HyFURZYdW.Oq0-/,159712,3,5,5,3,3,5.0
Pd8URaWdejpZe2HyFURZYdW.Oq0-/,339590,1,3,1,1,3,2.0
Pd8URaWdejpZe2HyFURZYdW.Oq0-/,339107,5,3,3,3,3,4.0
Pd8URaWdejpZe2HyFURZYdW.Oq0-/,340303,5,5,5,5,3,5.0
Pd8URaWdejpZe2HyFURZYdW.Oq0-/,21948,3,1,3,3,3,4.0
Pd8URaWdejpZe2HyFURZYdW.Oq0-/,10814,5,3,5,5,3,5.0
Pd8URaWdejpZe2HyFURZYdW.Oq0-/,337899,3,3,3,3,3,4.0
Pd8URaWdejpZe2HyFURZYdW.Oq0-/,24129,5,3,3,3,3,4.0
Pd8URaWdejpZe2HyFURZYdW.Oq0-/,328169,3,1,1,3,3,1.0
Pd8URaWdejpZe2HyFURZYdW.Oq0-/,84338,3,3,3,3,3,3.0
Pd8URaWdejpZe2HyFURZYdW.Oq0-/,332551,5,5,5,3,3,5.0
Pd8URaWdejpZe2HyFURZYdW.Oq0-/,338758,3,5,3,3,3,3.0
Pd8URaWdejpZe2HyFURZYdW.Oq0-/,335599,1,3,3,3,3,2.0
Pd8URaWdejpZe2HyFURZYdW.Oq0-/,324329,5,3,5,5,3,5.0
Pd8URaWdejpZe2HyFURZYdW.Oq0-/,11077,1,3,1,3,1,1.0
Pd8URaWdejpZe2HyFURZYdW.Oq0-/,237878,1,3,1,3,3,3.0
Pd8URaWdejpZe2HyFURZYdW.Oq0-/,338475,3,1,3,3,3,2.0
Pd8URaWdejpZe2HyFURZYdW.Oq0-/,322654,5,5,3,3,3,4.0
Pd8URaWdejpZe2HyFURZYdW.Oq0-/,329520,3,3,5,3,3,3.0
PlLREpOYdCG6KOMVCZ8-/,337910,3,3,5,3,3,3.0
PlLREpOYdCG6KOMVCZ8-/,338644,5,5,5,5,3,5.0
PlLREpOYdCG6KOMVCZ8-/,335612,5,3,5,3,3,5.0
PlLREpOYdCG6KOMVCZ8-/,331973,3,1,3,3,3,3.0
PlLREpOYdCG6KOMVCZ8-/,331022,3,5,5,5,3,5.0
PlLREpOYdCG6KOMVCZ8-/,334855,5,5,5,5,3,5.0
PlLREpOYdCG6KOMVCZ8-/,323363,5,5,5,5,3,5.0
PlLREpOYdCG6KOMVCZ8-/,336791,3,5,5,5,3,4.0
PlLREpOYdCG6KOMVCZ8-/,339919,5,5,5,5,3,4.0
PlLREpOYdCG6KOMVCZ8-/,342231,3,5,1,1,1,1.0
PlLREpOYdCG6KOMVCZ8-/,335961,5,5,5,3,3,5.0
PlLREpOYdCG6KOMVCZ8-/,339967,5,5,5,3,3,5.0
PlLREpOYdCG6KOMVCZ8-/,335900,3,3,3,3,3,3.0
PlLREpOYdCG6KOMVCZ8-/,335383,5,5,3,3,3,4.0
PlLREpOYdCG6KOMVCZ8-/,334834,5,3,3,3,3,5.0
PlLREpOYdCG6KOMVCZ8-/,329878,3,5,3,3,3,5.0
PlLREpOYdCG6KOMVCZ8-/,335382,5,5,5,3,3,4.0
PlLREpOYdCG6KOMVCZ8-/,334978,3,3,3,5,3,5.0
PlLREpOYdCG6KOMVCZ8-/,333265,3,3,3,5,3,4.0
PlLREpOYdCG6KOMVCZ8-/,334576,1,1,1,5,3,1.0
PuZNl9SFfCBrkxbpYe4-/,318834,3,5,3,3,3,4.0
PuZNl9SFfCBrkxbpYe4-/,326699,3,3,3,3,3,3.0
PuZNl9SFfCBrkxbpYe4-/,332551,5,5,3,5,3,5.0
PuZNl9SFfCBrkxbpYe4-/,326032,3,3,5,5,3,4.0
PuZNl9SFfCBrkxbpYe4-/,335594,3,3,1,3,3,3.0
PuZNl9SFfCBrkxbpYe4-/,318588,5,3,5,3,3,5.0
PuZNl9SFfCBrkxbpYe4-/,327204,5,1,5,3,5,5.0
PuZNl9SFfCBrkxbpYe4-/,326288,1,1,1,3,3,2.0
PuZNl9SFfCBrkxbpYe4-/,326504,3,3,3,3,3,4.0
PuZNl9SFfCBrkxbpYe4-/,328056,5,3,5,3,3,4.0
PuZNl9SFfCBrkxbpYe4-/,323556,3,3,3,3,3,5.0
PuZNl9SFfCBrkxbpYe4-/,324255,5,5,5,5,3,4.0
PuZNl9SFfCBrkxbpYe4-/,326063,3,3,5,3,3,5.0
PuZNl9SFfCBrkxbpYe4-/,324258,3,1,1,3,3,3.0
PuZNl9SFfCBrkxbpYe4-/,330042,3,5,3,3,3,4.0
PuZNl9SFfCBrkxbpYe4-/,237272,5,5,5,5,3,5.0
PuZNl9SFfCBrkxbpYe4-/,327077,3,3,3,5,1,4.0
PuZNl9SFfCBrkxbpYe4-/,83655,3,3,3,3,3,5.0
PuZNl9SFfCBrkxbpYe4-/,321234,1,3,1,1,3,3.0
PuZNl9SFfCBrkxbpYe4-/,326724,3,1,1,3,3,3.0
Q58F_debeCPzjEHRrYBU/,323681,3,3,5,5,5,4.0
Q58F_debeCPzjEHRrYBU/,339723,1,1,1,1,3,1.0
Q58F_debeCPzjEHRrYBU/,338050,1,3,1,1,3,2.0
Q58F_debeCPzjEHRrYBU/,335550,3,3,1,3,3,2.0
Q58F_debeCPzjEHRrYBU/,335785,3,5,3,3,1,4.0
Q58F_debeCPzjEHRrYBU/,237101,5,3,5,5,3,4.0
Q58F_debeCPzjEHRrYBU/,336633,5,5,5,3,3,5.0
Q58F_debeCPzjEHRrYBU/,335041,3,5,1,3,3,2.0
Q58F_debeCPzjEHRrYBU/,340953,5,5,5,3,3,4.0
Q58F_debeCPzjEHRrYBU/,340705,5,5,5,5,3,5.0
Q58F_debeCPzjEHRrYBU/,334591,3,3,3,3,3,2.0
Q58F_debeCPzjEHRrYBU/,328680,5,5,5,3,3,5.0
Q58F_debeCPzjEHRrYBU/,339230,5,3,5,5,3,5.0
Q58F_debeCPzjEHRrYBU/,319918,1,3,3,3,3,3.0
Q58F_debeCPzjEHRrYBU/,332847,3,3,3,3,3,3.0
Q58F_debeCPzjEHRrYBU/,236642,3,3,3,3,3,4.0
Q58F_debeCPzjEHRrYBU/,339701,5,5,5,5,3,3.0
Q58F_debeCPzjEHRrYBU/,338127,5,5,5,3,3,5.0
Q58F_debeCPzjEHRrYBU/,329294,5,5,5,5,3,5.0
Q58F_debeCPzjEHRrYBU/,330418,5,3,5,5,3,5.0
Q_hJrFaGcCDn.pzC561JdQ--/,240127,5,5,5,5,3,4.0
Q_hJrFaGcCDn.pzC561JdQ--/,333057,5,5,5,5,3,5.0
Q_hJrFaGcCDn.pzC561JdQ--/,236431,1,3,3,3,3,3.0
Q_hJrFaGcCDn.pzC561JdQ--/,83647,5,3,3,3,3,4.0
Q_hJrFaGcCDn.pzC561JdQ--/,161819,3,3,5,3,3,3.0
Q_hJrFaGcCDn.pzC561JdQ--/,7298,5,5,5,5,5,4.0
Q_hJrFaGcCDn.pzC561JdQ--/,336755,1,3,3,5,3,2.0
Q_hJrFaGcCDn.pzC561JdQ--/,160256,5,5,5,5,3,5.0
Q_hJrFaGcCDn.pzC561JdQ--/,159812,5,3,3,3,3,3.0
Q_hJrFaGcCDn.pzC561JdQ--/,337475,5,3,5,3,3,4.0
Q_hJrFaGcCDn.pzC561JdQ--/,330415,5,5,5,5,3,3.0
Q_hJrFaGcCDn.pzC561JdQ--/,2132,5,5,5,5,3,4.0
Q_hJrFaGcCDn.pzC561JdQ--/,239336,5,5,5,3,3,4.0
Q_hJrFaGcCDn.pzC561JdQ--/,237035,1,3,5,5,3,2.0
Q_hJrFaGcCDn.pzC561JdQ--/,161376,1,3,3,5,3,3.0
Q_hJrFaGcCDn.pzC561JdQ--/,334153,5,5,5,5,3,4.0
Q_hJrFaGcCDn.pzC561JdQ--/,159703,3,5,5,3,3,3.0
Q_hJrFaGcCDn.pzC561JdQ--/,333436,5,5,5,3,3,4.0
Q_hJrFaGcCDn.pzC561JdQ--/,332328,5,3,5,5,5,4.0
Q_hJrFaGcCDn.pzC561JdQ--/,239516,1,3,1,1,1,2.0
RwseyoqYZj.r1fIjNw--/,341611,1,3,1,3,3,4.0
RwseyoqYZj.r1fIjNw--/,343946,1,3,3,3,3,4.0
RwseyoqYZj.r1fIjNw--/,324563,3,3,3,3,3,4.0
RwseyoqYZj.r1fIjNw--/,330416,3,5,3,3,3,4.0
RwseyoqYZj.r1fIjNw--/,326905,3,3,3,3,3,4.0
RwseyoqYZj.r1fIjNw--/,327066,1,3,1,3,3,4.0
RwseyoqYZj.r1fIjNw--/,333520,3,3,3,3,3,3.0
RwseyoqYZj.r1fIjNw--/,325652,5,3,3,3,3,4.0
RwseyoqYZj.r1fIjNw--/,324329,5,3,5,3,3,4.0
RwseyoqYZj.r1fIjNw--/,341375,1,5,3,3,3,4.0
RwseyoqYZj.r1fIjNw--/,345554,5,3,3,3,3,4.0
RwseyoqYZj.r1fIjNw--/,325047,3,3,3,5,5,4.0
RwseyoqYZj.r1fIjNw--/,323801,1,3,1,3,3,3.0
RwseyoqYZj.r1fIjNw--/,340335,3,5,3,3,3,4.0
RwseyoqYZj.r1fIjNw--/,325480,3,3,3,3,3,4.0
RwseyoqYZj.r1fIjNw--/,326220,3,3,3,3,3,4.0
RwseyoqYZj.r1fIjNw--/,339967,1,3,3,5,3,4.0
RwseyoqYZj.r1fIjNw--/,334516,1,3,1,3,3,4.0
RwseyoqYZj.r1fIjNw--/,325032,5,5,5,3,3,4.0
RwseyoqYZj.r1fIjNw--/,344500,5,3,5,3,3,4.0
SEUtv7ObdDe4646RhIT3AQ--/,326536,5,5,5,3,3,4.0
SEUtv7ObdDe4646RhIT3AQ--/,322605,3,3,3,3,3,3.0
SEUtv7ObdDe4646RhIT3AQ--/,328770,1,5,3,5,3,2.0
SEUtv7ObdDe4646RhIT3AQ--/,323471,5,3,5,3,3,5.0
SEUtv7ObdDe4646RhIT3AQ--/,336454,5,3,3,3,3,3.0
SEUtv7ObdDe4646RhIT3AQ--/,335732,5,5,5,3,3,4.0
SEUtv7ObdDe4646RhIT3AQ--/,327080,3,5,5,5,3,4.0
SEUtv7ObdDe4646RhIT3AQ--/,325613,1,3,3,3,3,2.0
SEUtv7ObdDe4646RhIT3AQ--/,335824,5,3,3,3,3,3.0
SEUtv7ObdDe4646RhIT3AQ--/,334208,5,5,5,5,3,3.0
SEUtv7ObdDe4646RhIT3AQ--/,323459,3,3,3,5,3,3.0
SEUtv7ObdDe4646RhIT3AQ--/,320917,1,5,3,3,3,3.0
SEUtv7ObdDe4646RhIT3AQ--/,320073,5,5,5,3,3,4.0
SEUtv7ObdDe4646RhIT3AQ--/,327992,5,3,3,3,3,4.0
SEUtv7ObdDe4646RhIT3AQ--/,321624,5,5,5,3,3,3.0
SEUtv7ObdDe4646RhIT3AQ--/,328546,5,3,5,1,3,3.0
SEUtv7ObdDe4646RhIT3AQ--/,335847,5,5,3,5,3,4.0
SEUtv7ObdDe4646RhIT3AQ--/,324357,5,3,3,3,3,3.0
SEUtv7ObdDe4646RhIT3AQ--/,237783,5,5,5,3,3,4.0
SEUtv7ObdDe4646RhIT3AQ--/,334313,5,5,5,5,3,5.0
SFlgvlybbTqmZVr3WQ--/,330434,3,3,3,3,3,4.0
SFlgvlybbTqmZVr3WQ--/,333271,1,1,1,1,3,1.0
SFlgvlybbTqmZVr3WQ--/,330880,5,3,3,3,3,4.0
SFlgvlybbTqmZVr3WQ--/,335874,3,3,3,3,3,3.0
SFlgvlybbTqmZVr3WQ--/,333212,1,3,3,3,3,3.0
SFlgvlybbTqmZVr3WQ--/,335747,1,3,1,3,3,2.0
SFlgvlybbTqmZVr3WQ--/,327253,1,3,1,3,3,2.0
SFlgvlybbTqmZVr3WQ--/,333579,1,5,1,3,3,2.0
SFlgvlybbTqmZVr3WQ--/,333497,3,3,1,1,3,5.0
SFlgvlybbTqmZVr3WQ--/,331732,3,3,3,3,3,4.0
SFlgvlybbTqmZVr3WQ--/,334768,5,5,5,5,3,5.0
SFlgvlybbTqmZVr3WQ--/,330104,3,3,3,3,3,2.0
SFlgvlybbTqmZVr3WQ--/,335400,3,3,3,3,3,3.0
SFlgvlybbTqmZVr3WQ--/,330915,1,3,1,3,3,2.0
SFlgvlybbTqmZVr3WQ--/,330008,1,3,1,3,3,3.0
SFlgvlybbTqmZVr3WQ--/,332328,1,5,1,3,3,3.0
SFlgvlybbTqmZVr3WQ--/,333858,3,5,1,3,3,2.0
SFlgvlybbTqmZVr3WQ--/,334089,5,3,5,5,3,4.0
SFlgvlybbTqmZVr3WQ--/,330493,1,3,3,3,5,4.0
SFlgvlybbTqmZVr3WQ--/,334016,1,5,1,5,3,1.0
SiiVkP2UcC.JVswTlz9IOPjwIw--/,321232,5,3,5,3,3,2.0
SiiVkP2UcC.JVswTlz9IOPjwIw--/,320824,3,3,3,3,1,2.0
SiiVkP2UcC.JVswTlz9IOPjwIw--/,240796,1,3,1,1,3,2.0
SiiVkP2UcC.JVswTlz9IOPjwIw--/,320212,1,3,1,1,3,2.0
SiiVkP2UcC.JVswTlz9IOPjwIw--/,28621,3,3,3,3,3,3.0
SiiVkP2UcC.JVswTlz9IOPjwIw--/,322116,3,3,3,5,3,2.0
SiiVkP2UcC.JVswTlz9IOPjwIw--/,162847,5,5,5,3,3,5.0
SiiVkP2UcC.JVswTlz9IOPjwIw--/,318677,5,3,3,3,3,3.0
SiiVkP2UcC.JVswTlz9IOPjwIw--/,235071,5,5,5,3,3,2.0
SiiVkP2UcC.JVswTlz9IOPjwIw--/,159820,3,5,3,3,3,3.0
SiiVkP2UcC.JVswTlz9IOPjwIw--/,323000,3,3,3,3,3,2.0
SiiVkP2UcC.JVswTlz9IOPjwIw--/,319257,3,3,5,5,3,2.0
SiiVkP2UcC.JVswTlz9IOPjwIw--/,322736,1,3,1,3,3,2.0
SiiVkP2UcC.JVswTlz9IOPjwIw--/,320646,3,3,3,3,3,1.0
SiiVkP2UcC.JVswTlz9IOPjwIw--/,322704,1,3,1,3,3,1.0
SiiVkP2UcC.JVswTlz9IOPjwIw--/,241372,3,3,5,3,3,3.0
SiiVkP2UcC.JVswTlz9IOPjwIw--/,234444,5,3,5,5,3,4.0
SiiVkP2UcC.JVswTlz9IOPjwIw--/,327082,3,3,5,3,3,5.0
SiiVkP2UcC.JVswTlz9IOPjwIw--/,319256,3,3,3,3,3,3.0
SiiVkP2UcC.JVswTlz9IOPjwIw--/,159314,5,5,3,3,3,4.0
SnXYO5KefDxZPe4Wlrw81wB8hQ--/,331409,3,3,3,3,5,5.0
SnXYO5KefDxZPe4Wlrw81wB8hQ--/,335381,5,5,5,3,3,4.0
SnXYO5KefDxZPe4Wlrw81wB8hQ--/,335800,3,3,3,5,3,3.0
SnXYO5KefDxZPe4Wlrw81wB8hQ--/,330912,5,3,5,3,3,4.0
SnXYO5KefDxZPe4Wlrw81wB8hQ--/,337475,3,3,3,3,3,4.0
SnXYO5KefDxZPe4Wlrw81wB8hQ--/,335594,3,3,3,3,3,4.0
SnXYO5KefDxZPe4Wlrw81wB8hQ--/,325647,3,3,3,3,3,3.0
SnXYO5KefDxZPe4Wlrw81wB8hQ--/,330921,3,3,3,5,3,4.0
SnXYO5KefDxZPe4Wlrw81wB8hQ--/,346608,3,3,3,5,3,4.0
SnXYO5KefDxZPe4Wlrw81wB8hQ--/,332676,3,5,1,1,3,3.0
SnXYO5KefDxZPe4Wlrw81wB8hQ--/,332771,5,3,3,3,3,4.0
SnXYO5KefDxZPe4Wlrw81wB8hQ--/,339682,3,3,3,5,3,3.0
SnXYO5KefDxZPe4Wlrw81wB8hQ--/,335612,5,5,5,3,3,5.0
SnXYO5KefDxZPe4Wlrw81wB8hQ--/,84047,5,5,5,3,3,5.0
SnXYO5KefDxZPe4Wlrw81wB8hQ--/,332656,5,3,3,3,3,4.0
SnXYO5KefDxZPe4Wlrw81wB8hQ--/,327991,3,3,3,3,3,4.0
SnXYO5KefDxZPe4Wlrw81wB8hQ--/,328901,3,5,3,3,3,4.0
SnXYO5KefDxZPe4Wlrw81wB8hQ--/,329294,3,5,3,3,3,5.0
SnXYO5KefDxZPe4Wlrw81wB8hQ--/,323331,5,3,5,3,3,4.0
SnXYO5KefDxZPe4Wlrw81wB8hQ--/,328681,5,5,5,3,5,4.0
TL5HfLiddCAL8IGWDUYlymVNXg--/,334142,1,3,3,3,3,3.0
TL5HfLiddCAL8IGWDUYlymVNXg--/,333252,3,3,3,3,3,3.0
TL5HfLiddCAL8IGWDUYlymVNXg--/,333025,1,3,1,3,3,2.0
TL5HfLiddCAL8IGWDUYlymVNXg--/,332755,5,5,3,3,3,5.0
TL5HfLiddCAL8IGWDUYlymVNXg--/,333017,3,3,5,3,3,4.0
TL5HfLiddCAL8IGWDUYlymVNXg--/,333627,5,3,3,3,3,4.0
TL5HfLiddCAL8IGWDUYlymVNXg--/,333577,1,3,1,3,3,2.0
TL5HfLiddCAL8IGWDUYlymVNXg--/,333161,1,5,5,3,3,4.0
TL5HfLiddCAL8IGWDUYlymVNXg--/,333851,1,3,3,3,3,2.0
TL5HfLiddCAL8IGWDUYlymVNXg--/,330852,1,5,3,3,3,2.0
TL5HfLiddCAL8IGWDUYlymVNXg--/,334324,3,3,3,3,3,5.0
TL5HfLiddCAL8IGWDUYlymVNXg--/,331826,5,5,5,3,5,5.0
TL5HfLiddCAL8IGWDUYlymVNXg--/,332617,3,5,3,3,3,4.0
TL5HfLiddCAL8IGWDUYlymVNXg--/,332602,1,3,3,3,3,2.0
TL5HfLiddCAL8IGWDUYlymVNXg--/,333521,3,3,3,3,3,4.0
TL5HfLiddCAL8IGWDUYlymVNXg--/,332593,3,5,3,3,3,5.0
TL5HfLiddCAL8IGWDUYlymVNXg--/,333520,3,3,3,3,3,3.0
TL5HfLiddCAL8IGWDUYlymVNXg--/,332328,5,3,5,3,3,5.0
TL5HfLiddCAL8IGWDUYlymVNXg--/,332244,5,5,5,5,3,5.0
TL5HfLiddCAL8IGWDUYlymVNXg--/,334175,3,3,3,3,3,3.0
U1dToiiPJHxIPzI-/,339817,3,3,3,3,3,4.0
U1dToiiPJHxIPzI-/,320616,5,3,3,3,3,4.0
U1dToiiPJHxIPzI-/,330914,3,5,3,5,3,5.0
U1dToiiPJHxIPzI-/,343977,5,3,5,5,3,4.0
U1dToiiPJHxIPzI-/,333025,3,3,3,3,3,3.0
U1dToiiPJHxIPzI-/,341702,1,3,1,1,3,4.0
U1dToiiPJHxIPzI-/,326658,3,3,3,3,3,4.0
U1dToiiPJHxIPzI-/,335612,5,3,5,3,3,4.0
U1dToiiPJHxIPzI-/,339130,3,5,5,5,3,5.0
U1dToiiPJHxIPzI-/,341758,3,3,3,3,3,3.0
U1dToiiPJHxIPzI-/,338050,3,1,1,3,3,1.0
U1dToiiPJHxIPzI-/,331247,1,1,1,3,3,4.0
U1dToiiPJHxIPzI-/,322994,3,3,3,3,3,2.0
U1dToiiPJHxIPzI-/,331775,3,5,3,3,3,3.0
U1dToiiPJHxIPzI-/,333831,1,3,1,3,3,2.0
U1dToiiPJHxIPzI-/,329294,1,3,1,1,3,2.0
U1dToiiPJHxIPzI-/,329594,5,3,3,3,3,5.0
U1dToiiPJHxIPzI-/,326034,3,3,3,3,3,5.0
U1dToiiPJHxIPzI-/,333367,5,1,3,3,3,4.0
U1dToiiPJHxIPzI-/,323215,3,3,3,3,3,5.0
UbwTC7SSejyYLZ4TnnVAtQ--/,20373,5,5,5,3,3,4.0
UbwTC7SSejyYLZ4TnnVAtQ--/,324544,3,3,5,5,3,4.0
UbwTC7SSejyYLZ4TnnVAtQ--/,328315,1,3,1,1,3,1.0
UbwTC7SSejyYLZ4TnnVAtQ--/,323681,3,3,3,3,3,3.0
UbwTC7SSejyYLZ4TnnVAtQ--/,234691,3,5,3,3,3,3.0
UbwTC7SSejyYLZ4TnnVAtQ--/,323416,1,5,1,3,3,2.0
UbwTC7SSejyYLZ4TnnVAtQ--/,322747,1,5,3,3,3,4.0
UbwTC7SSejyYLZ4TnnVAtQ--/,326771,3,3,3,3,3,4.0
UbwTC7SSejyYLZ4TnnVAtQ--/,327839,3,5,3,5,3,3.0
UbwTC7SSejyYLZ4TnnVAtQ--/,324826,3,3,3,3,5,4.0
UbwTC7SSejyYLZ4TnnVAtQ--/,241599,3,5,5,3,3,3.0
UbwTC7SSejyYLZ4TnnVAtQ--/,161562,3,3,3,3,3,3.0
UbwTC7SSejyYLZ4TnnVAtQ--/,15734,1,3,3,3,3,3.0
UbwTC7SSejyYLZ4TnnVAtQ--/,326246,3,3,3,3,3,4.0
UbwTC7SSejyYLZ4TnnVAtQ--/,5546,1,3,3,3,3,3.0
UbwTC7SSejyYLZ4TnnVAtQ--/,325398,1,3,1,3,3,1.0
UbwTC7SSejyYLZ4TnnVAtQ--/,11457,3,3,3,3,3,3.0
UbwTC7SSejyYLZ4TnnVAtQ--/,241472,3,5,3,3,5,3.0
UbwTC7SSejyYLZ4TnnVAtQ--/,330042,5,5,5,3,3,4.0
UbwTC7SSejyYLZ4TnnVAtQ--/,331548,3,5,3,3,1,4.0
UsRHhr.FfSd3dWeG/,335872,3,3,3,3,3,3.0
UsRHhr.FfSd3dWeG/,344643,3,3,5,3,3,3.0
UsRHhr.FfSd3dWeG/,338753,3,3,3,3,3,5.0
UsRHhr.FfSd3dWeG/,336172,1,1,1,1,3,2.0
UsRHhr.FfSd3dWeG/,333670,3,3,3,3,3,3.0
UsRHhr.FfSd3dWeG/,334516,3,3,3,5,3,2.0
UsRHhr.FfSd3dWeG/,342201,3,5,3,3,3,4.0
UsRHhr.FfSd3dWeG/,327529,3,3,3,3,3,4.0
UsRHhr.FfSd3dWeG/,335596,3,3,3,3,3,3.0
UsRHhr.FfSd3dWeG/,343085,3,3,5,5,3,4.0
UsRHhr.FfSd3dWeG/,347420,3,5,3,3,1,3.0
UsRHhr.FfSd3dWeG/,336888,3,3,3,3,3,3.0
UsRHhr.FfSd3dWeG/,338649,5,5,5,3,3,5.0
UsRHhr.FfSd3dWeG/,344585,5,3,5,5,3,5.0
UsRHhr.FfSd3dWeG/,337503,3,5,3,3,5,5.0
UsRHhr.FfSd3dWeG/,348578,3,5,5,3,3,4.0
UsRHhr.FfSd3dWeG/,335873,3,1,3,3,3,3.0
UsRHhr.FfSd3dWeG/,347375,3,3,3,3,3,3.0
UsRHhr.FfSd3dWeG/,344074,3,1,1,3,3,3.0
UsRHhr.FfSd3dWeG/,335991,5,3,3,5,3,4.0
WC_Ubt2dcHfgqkqVRw--/,238299,3,3,3,3,3,4.0
WC_Ubt2dcHfgqkqVRw--/,332388,5,3,5,5,3,4.0
WC_Ubt2dcHfgqkqVRw--/,321931,5,3,3,5,3,3.0
WC_Ubt2dcHfgqkqVRw--/,328843,5,5,5,3,3,4.0
WC_Ubt2dcHfgqkqVRw--/,25718,5,5,5,5,5,4.0
WC_Ubt2dcHfgqkqVRw--/,324563,5,5,5,5,3,4.0
WC_Ubt2dcHfgqkqVRw--/,330764,3,3,3,3,3,4.0
WC_Ubt2dcHfgqkqVRw--/,331238,3,5,5,5,5,5.0
WC_Ubt2dcHfgqkqVRw--/,335926,3,3,3,3,3,3.0
WC_Ubt2dcHfgqkqVRw--/,323681,3,3,3,3,1,3.0
WC_Ubt2dcHfgqkqVRw--/,4380,5,3,3,3,5,4.0
WC_Ubt2dcHfgqkqVRw--/,326666,3,5,1,1,3,3.0
WC_Ubt2dcHfgqkqVRw--/,153076,3,5,3,3,5,5.0
WC_Ubt2dcHfgqkqVRw--/,325423,3,5,3,3,3,4.0
WC_Ubt2dcHfgqkqVRw--/,332616,3,5,3,3,3,3.0
WC_Ubt2dcHfgqkqVRw--/,344360,3,5,5,5,3,4.0
WC_Ubt2dcHfgqkqVRw--/,240359,3,3,3,5,5,4.0
WC_Ubt2dcHfgqkqVRw--/,25721,3,3,3,3,3,3.0
WC_Ubt2dcHfgqkqVRw--/,7931,3,5,5,5,5,5.0
WC_Ubt2dcHfgqkqVRw--/,323098,5,5,5,3,3,4.0
XGTlmXebdDwg_ioFuur2ir8-/,24986,3,5,3,3,3,4.0
XGTlmXebdDwg_ioFuur2ir8-/,327066,1,3,5,5,3,4.0
XGTlmXebdDwg_ioFuur2ir8-/,330798,1,3,1,3,3,3.0
XGTlmXebdDwg_ioFuur2ir8-/,330434,5,5,5,5,3,5.0
XGTlmXebdDwg_ioFuur2ir8-/,329464,5,3,3,3,3,4.0
XGTlmXebdDwg_ioFuur2ir8-/,326063,5,3,5,3,3,4.0
XGTlmXebdDwg_ioFuur2ir8-/,323983,5,3,3,3,3,3.0
XGTlmXebdDwg_ioFuur2ir8-/,329767,1,3,1,1,3,1.0
XGTlmXebdDwg_ioFuur2ir8-/,331247,5,5,3,3,3,4.0
XGTlmXebdDwg_ioFuur2ir8-/,329044,3,5,5,3,3,4.0
XGTlmXebdDwg_ioFuur2ir8-/,330415,3,3,3,3,3,5.0
XGTlmXebdDwg_ioFuur2ir8-/,322731,3,5,5,3,3,3.0
XGTlmXebdDwg_ioFuur2ir8-/,330464,5,3,5,3,3,4.0
XGTlmXebdDwg_ioFuur2ir8-/,241080,5,5,5,5,3,4.0
XGTlmXebdDwg_ioFuur2ir8-/,327646,5,3,3,3,5,5.0
XGTlmXebdDwg_ioFuur2ir8-/,29038,5,5,5,3,3,4.0
XGTlmXebdDwg_ioFuur2ir8-/,324019,1,3,1,3,3,3.0
XGTlmXebdDwg_ioFuur2ir8-/,6207,3,3,1,1,3,3.0
XGTlmXebdDwg_ioFuur2ir8-/,159307,3,5,5,5,3,4.0
XGTlmXebdDwg_ioFuur2ir8-/,325794,1,3,1,1,3,3.0
XbB9OPWYcCMrlRYE9W.S/,329594,5,5,5,3,3,4.0
XbB9OPWYcCMrlRYE9W.S/,329345,3,3,5,3,3,4.0
XbB9OPWYcCMrlRYE9W.S/,337899,5,5,5,5,3,4.0
XbB9OPWYcCMrlRYE9W.S/,338843,5,3,5,5,3,4.0
XbB9OPWYcCMrlRYE9W.S/,332137,1,3,1,1,3,2.0
XbB9OPWYcCMrlRYE9W.S/,339088,1,5,1,1,3,2.0
XbB9OPWYcCMrlRYE9W.S/,336357,3,3,3,5,3,4.0
XbB9OPWYcCMrlRYE9W.S/,338127,5,5,5,5,3,5.0
XbB9OPWYcCMrlRYE9W.S/,335872,1,3,1,1,3,1.0
XbB9OPWYcCMrlRYE9W.S/,334091,1,3,1,1,3,2.0
XbB9OPWYcCMrlRYE9W.S/,328224,3,1,3,3,3,3.0
XbB9OPWYcCMrlRYE9W.S/,337723,1,3,1,3,3,2.0
XbB9OPWYcCMrlRYE9W.S/,346352,1,3,3,3,3,2.0
XbB9OPWYcCMrlRYE9W.S/,328724,3,3,3,3,3,3.0
XbB9OPWYcCMrlRYE9W.S/,336592,3,5,3,1,3,3.0
XbB9OPWYcCMrlRYE9W.S/,335366,5,5,5,5,3,4.0
XbB9OPWYcCMrlRYE9W.S/,333976,3,3,3,5,3,4.0
XbB9OPWYcCMrlRYE9W.S/,331364,3,3,1,5,3,3.0
XbB9OPWYcCMrlRYE9W.S/,327457,5,5,5,3,3,4.0
XbB9OPWYcCMrlRYE9W.S/,337257,5,5,5,3,3,3.0
YKmJkI2Xeye9sEVsGibAcA--/,326554,3,3,3,3,3,3.0
YKmJkI2Xeye9sEVsGibAcA--/,338644,1,3,3,3,3,2.0
YKmJkI2Xeye9sEVsGibAcA--/,335122,3,5,5,5,3,3.0
YKmJkI2Xeye9sEVsGibAcA--/,337962,5,5,5,5,3,3.0
YKmJkI2Xeye9sEVsGibAcA--/,330915,3,5,3,3,3,3.0
YKmJkI2Xeye9sEVsGibAcA--/,334153,3,3,3,5,3,4.0
YKmJkI2Xeye9sEVsGibAcA--/,329675,5,3,5,5,3,4.0
YKmJkI2Xeye9sEVsGibAcA--/,327994,3,1,3,3,3,4.0
YKmJkI2Xeye9sEVsGibAcA--/,335826,3,5,5,3,3,2.0
YKmJkI2Xeye9sEVsGibAcA--/,328681,5,3,5,3,3,3.0
YKmJkI2Xeye9sEVsGibAcA--/,338675,5,5,5,3,3,4.0
YKmJkI2Xeye9sEVsGibAcA--/,332667,3,3,3,3,3,2.0
YKmJkI2Xeye9sEVsGibAcA--/,337450,5,1,5,5,3,4.0
YKmJkI2Xeye9sEVsGibAcA--/,329945,3,3,3,1,3,3.0
YKmJkI2Xeye9sEVsGibAcA--/,336481,1,3,3,3,3,3.0
YKmJkI2Xeye9sEVsGibAcA--/,332894,1,5,1,3,3,3.0
YKmJkI2Xeye9sEVsGibAcA--/,340078,5,3,5,3,3,3.0
YKmJkI2Xeye9sEVsGibAcA--/,329493,5,5,5,5,5,4.0
YKmJkI2Xeye9sEVsGibAcA--/,338532,3,5,5,5,3,4.0
YKmJkI2Xeye9sEVsGibAcA--/,330419,3,5,3,3,3,4.0
YjiHb66efSxZrYRQPA--/,330551,5,5,5,3,3,5.0
YjiHb66efSxZrYRQPA--/,160254,3,5,3,5,3,4.0
YjiHb66efSxZrYRQPA--/,12122,3,5,3,3,3,5.0
YjiHb66efSxZrYRQPA--/,84126,5,3,3,5,3,5.0
YjiHb66efSxZrYRQPA--/,20696,5,5,3,3,3,5.0
YjiHb66efSxZrYRQPA--/,52318,5,3,5,5,3,4.0
YjiHb66efSxZrYRQPA--/,83441,5,5,5,5,3,4.0
YjiHb66efSxZrYRQPA--/,161560,5,3,3,3,3,4.0
YjiHb66efSxZrYRQPA--/,10865,5,3,5,5,3,5.0
YjiHb66efSxZrYRQPA--/,239734,5,5,5,5,3,5.0
YjiHb66efSxZrYRQPA--/,329614,5,3,5,5,3,5.0
YjiHb66efSxZrYRQPA--/,50429,3,5,5,5,3,4.0
YjiHb66efSxZrYRQPA--/,239783,5,3,3,3,3,4.0
YjiHb66efSxZrYRQPA--/,239061,3,3,5,3,3,4.0
YjiHb66efSxZrYRQPA--/,11578,5,5,5,5,3,4.0
YjiHb66efSxZrYRQPA--/,318677,5,5,5,5,3,5.0
YjiHb66efSxZrYRQPA--/,10858,3,5,5,3,3,5.0
YjiHb66efSxZrYRQPA--/,19132,5,3,5,3,3,5.0
YjiHb66efSxZrYRQPA--/,159308,5,5,5,5,3,4.0
YjiHb66efSxZrYRQPA--/,21690,5,5,5,5,3,5.0
ZcVztjKVdHmzET0N_MVY/,335026,1,1,1,5,3,2.0
ZcVztjKVdHmzET0N_MVY/,9506,1,3,1,3,3,3.0
ZcVztjKVdHmzET0N_MVY/,332386,1,3,1,3,3,2.0
ZcVztjKVdHmzET0N_MVY/,330085,3,3,3,3,3,3.0
ZcVztjKVdHmzET0N_MVY/,3238,3,5,3,3,3,3.0
ZcVztjKVdHmzET0N_MVY/,343472,1,1,1,3,3,2.0
ZcVztjKVdHmzET0N_MVY/,11893,3,5,3,3,3,4.0
ZcVztjKVdHmzET0N_MVY/,10909,3,5,5,5,3,5.0
ZcVztjKVdHmzET0N_MVY/,345159,3,3,5,5,3,3.0
ZcVztjKVdHmzET0N_MVY/,335565,1,5,3,3,3,3.0
ZcVztjKVdHmzET0N_MVY/,324845,5,5,5,3,3,4.0
ZcVztjKVdHmzET0N_MVY/,28680,3,3,3,1,3,3.0
ZcVztjKVdHmzET0N_MVY/,236429,1,1,3,3,3,2.0
ZcVztjKVdHmzET0N_MVY/,329782,5,5,5,3,3,3.0
ZcVztjKVdHmzET0N_MVY/,240941,1,1,3,3,3,3.0
ZcVztjKVdHmzET0N_MVY/,334266,1,3,1,3,3,2.0
ZcVztjKVdHmzET0N_MVY/,329774,1,3,5,3,3,2.0
ZcVztjKVdHmzET0N_MVY/,25727,5,3,5,3,5,5.0
ZcVztjKVdHmzET0N_MVY/,21943,5,1,1,5,5,4.0
ZcVztjKVdHmzET0N_MVY/,340423,5,3,5,3,3,4.0
_064lZSedCUJSaGJEeGaKuZ12k8-/,332894,3,1,1,3,3,3.0
_064lZSedCUJSaGJEeGaKuZ12k8-/,329623,3,5,5,3,5,4.0
_064lZSedCUJSaGJEeGaKuZ12k8-/,342363,3,5,5,3,3,4.0
_064lZSedCUJSaGJEeGaKuZ12k8-/,338510,3,5,5,5,5,4.0
_064lZSedCUJSaGJEeGaKuZ12k8-/,337347,5,5,5,5,3,4.0
_064lZSedCUJSaGJEeGaKuZ12k8-/,331765,5,5,5,5,5,4.0
_064lZSedCUJSaGJEeGaKuZ12k8-/,330573,1,3,1,5,3,3.0
_064lZSedCUJSaGJEeGaKuZ12k8-/,333627,3,5,5,3,3,4.0
_064lZSedCUJSaGJEeGaKuZ12k8-/,326148,3,5,5,3,3,2.0
_064lZSedCUJSaGJEeGaKuZ12k8-/,336191,3,3,3,3,3,3.0
_064lZSedCUJSaGJEeGaKuZ12k8-/,325401,5,5,5,3,3,4.0
_064lZSedCUJSaGJEeGaKuZ12k8-/,333831,3,5,5,5,3,4.0
_064lZSedCUJSaGJEeGaKuZ12k8-/,328546,5,5,5,3,5,4.0
_064lZSedCUJSaGJEeGaKuZ12k8-/,330395,1,1,1,1,3,2.0
_064lZSedCUJSaGJEeGaKuZ12k8-/,327993,1,1,1,1,3,2.0
_064lZSedCUJSaGJEeGaKuZ12k8-/,332729,5,5,5,3,3,4.0
_064lZSedCUJSaGJEeGaKuZ12k8-/,335765,5,5,5,5,3,4.0
_064lZSedCUJSaGJEeGaKuZ12k8-/,327912,5,5,5,3,3,4.0
_064lZSedCUJSaGJEeGaKuZ12k8-/,340758,5,5,5,5,3,4.0
_064lZSedCUJSaGJEeGaKuZ12k8-/,328224,3,5,3,3,3,4.0
_5.llLmcdD77r9_iHWfYcyA-/,346405,3,3,1,1,3,3.0
_5.llLmcdD77r9_iHWfYcyA-/,348578,1,3,1,3,5,2.0
_5.llLmcdD77r9_iHWfYcyA-/,348610,5,3,3,3,3,5.0
_5.llLmcdD77r9_iHWfYcyA-/,348091,3,3,3,3,3,2.0
_5.llLmcdD77r9_iHWfYcyA-/,348264,1,3,3,1,3,2.0
_5.llLmcdD77r9_iHWfYcyA-/,348261,3,3,5,5,3,4.0
_5.llLmcdD77r9_iHWfYcyA-/,346418,3,5,3,3,3,3.0
_5.llLmcdD77r9_iHWfYcyA-/,348321,3,3,3,3,3,3.0
_5.llLmcdD77r9_iHWfYcyA-/,347267,1,3,1,3,3,1.0
_5.llLmcdD77r9_iHWfYcyA-/,348090,3,5,3,3,3,4.0
_5.llLmcdD77r9_iHWfYcyA-/,346264,3,1,5,3,3,4.0
_5.llLmcdD77r9_iHWfYcyA-/,347810,3,3,3,3,1,2.0
_5.llLmcdD77r9_iHWfYcyA-/,348154,5,5,5,5,3,5.0
_5.llLmcdD77r9_iHWfYcyA-/,335612,3,3,3,3,3,5.0
_5.llLmcdD77r9_iHWfYcyA-/,348144,3,3,3,1,3,4.0
_5.llLmcdD77r9_iHWfYcyA-/,346663,3,5,5,3,3,4.0
_5.llLmcdD77r9_iHWfYcyA-/,348085,3,3,3,3,3,3.0
_5.llLmcdD77r9_iHWfYcyA-/,347084,1,3,1,1,3,1.0
_5.llLmcdD77r9_iHWfYcyA-/,347865,3,5,3,3,3,4.0
_5.llLmcdD77r9_iHWfYcyA-/,345694,5,3,5,3,3,3.0
al4KgjGXfyccPrh4ZefOmA--/,332328,5,3,5,3,3,4.0
al4KgjGXfyccPrh4ZefOmA--/,329811,5,3,3,3,3,3.0
al4KgjGXfyccPrh4ZefOmA--/,329291,5,5,5,3,3,5.0
al4KgjGXfyccPrh4ZefOmA--/,336897,3,5,3,3,3,4.0
al4KgjGXfyccPrh4ZefOmA--/,321982,3,3,3,3,3,2.0
al4KgjGXfyccPrh4ZefOmA--/,240273,1,3,3,3,3,3.0
al4KgjGXfyccPrh4ZefOmA--/,334146,5,5,5,5,3,4.0
al4KgjGXfyccPrh4ZefOmA--/,335785,3,5,1,1,1,3.0
al4KgjGXfyccPrh4ZefOmA--/,335517,5,3,5,3,3,4.0
al4KgjGXfyccPrh4ZefOmA--/,327959,3,3,3,3,3,3.0
al4KgjGXfyccPrh4ZefOmA--/,323225,3,3,5,3,3,3.0
al4KgjGXfyccPrh4ZefOmA--/,332617,1,3,3,3,3,4.0
al4KgjGXfyccPrh4ZefOmA--/,328747,3,3,3,3,3,3.0
al4KgjGXfyccPrh4ZefOmA--/,333402,3,3,5,3,3,4.0
al4KgjGXfyccPrh4ZefOmA--/,335872,1,3,1,1,3,1.0
al4KgjGXfyccPrh4ZefOmA--/,334768,5,5,3,3,3,5.0
al4KgjGXfyccPrh4ZefOmA--/,334303,3,5,3,3,3,3.0
al4KgjGXfyccPrh4ZefOmA--/,332673,3,5,3,3,3,4.0
al4KgjGXfyccPrh4ZefOmA--/,336482,3,3,1,3,3,3.0
al4KgjGXfyccPrh4ZefOmA--/,330915,3,5,5,3,3,4.0
cHrlgEObdDzliJQlEA--/,340877,5,3,3,5,3,3.0
cHrlgEObdDzliJQlEA--/,321626,5,3,3,1,3,3.0
cHrlgEObdDzliJQlEA--/,332616,3,3,3,3,3,3.0
cHrlgEObdDzliJQlEA--/,342236,3,3,3,3,3,2.0
cHrlgEObdDzliJQlEA--/,339919,3,5,3,3,3,3.0
cHrlgEObdDzliJQlEA--/,342350,1,3,3,3,3,2.0
cHrlgEObdDzliJQlEA--/,341516,3,5,5,3,3,3.0
cHrlgEObdDzliJQlEA--/,324632,5,3,3,3,3,4.0
cHrlgEObdDzliJQlEA--/,336862,3,3,3,3,3,3.0
cHrlgEObdDzliJQlEA--/,330039,3,3,3,3,3,3.0
cHrlgEObdDzliJQlEA--/,234475,1,5,3,5,3,2.0
cHrlgEObdDzliJQlEA--/,328747,3,3,5,5,3,3.0
cHrlgEObdDzliJQlEA--/,327080,3,3,3,3,3,2.0
cHrlgEObdDzliJQlEA--/,343365,3,5,3,3,3,3.0
cHrlgEObdDzliJQlEA--/,340078,5,5,5,3,3,4.0
cHrlgEObdDzliJQlEA--/,341701,5,3,3,3,3,4.0
cHrlgEObdDzliJQlEA--/,327992,3,5,5,3,3,3.0
cHrlgEObdDzliJQlEA--/,343724,3,3,3,3,3,2.0
cHrlgEObdDzliJQlEA--/,153473,5,3,3,3,3,3.0
cHrlgEObdDzliJQlEA--/,342621,1,5,3,3,3,3.0
cXbQuOOedCNR01LhMHGY/,327457,3,5,3,3,3,3.0
cXbQuOOedCNR01LhMHGY/,336520,1,3,3,1,3,2.0
cXbQuOOedCNR01LhMHGY/,348085,5,3,5,3,3,4.0
cXbQuOOedCNR01LhMHGY/,345422,5,5,5,5,3,4.0
cXbQuOOedCNR01LhMHGY/,326291,3,3,3,3,3,2.0
cXbQuOOedCNR01LhMHGY/,336508,1,3,1,1,3,2.0
cXbQuOOedCNR01LhMHGY/,324580,5,3,3,3,3,3.0
cXbQuOOedCNR01LhMHGY/,336193,5,5,5,5,3,4.0
cXbQuOOedCNR01LhMHGY/,332049,5,5,5,5,3,3.0
cXbQuOOedCNR01LhMHGY/,334088,3,3,3,1,3,2.0
cXbQuOOedCNR01LhMHGY/,335935,5,5,5,5,3,5.0
cXbQuOOedCNR01LhMHGY/,335517,1,3,1,3,3,3.0
cXbQuOOedCNR01LhMHGY/,335576,5,3,5,1,3,4.0
cXbQuOOedCNR01LhMHGY/,161226,3,5,3,3,5,5.0
cXbQuOOedCNR01LhMHGY/,343981,5,5,5,5,3,5.0
cXbQuOOedCNR01LhMHGY/,332388,5,5,5,5,3,5.0
cXbQuOOedCNR01LhMHGY/,328736,1,3,1,3,3,4.0
cXbQuOOedCNR01LhMHGY/,343319,3,5,5,5,3,5.0
cXbQuOOedCNR01LhMHGY/,334766,3,3,3,3,3,4.0
cXbQuOOedCNR01LhMHGY/,333520,1,3,1,1,3,2.0
cdCpbiyedDz6ypQrSfNiXwiEU8g-/,328153,3,5,3,3,3,4.0
cdCpbiyedDz6ypQrSfNiXwiEU8g-/,330690,3,5,3,3,3,5.0
cdCpbiyedDz6ypQrSfNiXwiEU8g-/,329978,1,3,1,3,1,2.0
cdCpbiyedDz6ypQrSfNiXwiEU8g-/,328169,1,5,3,3,3,2.0
cdCpbiyedDz6ypQrSfNiXwiEU8g-/,328679,3,5,3,3,3,4.0
cdCpbiyedDz6ypQrSfNiXwiEU8g-/,329757,3,3,5,5,3,5.0
cdCpbiyedDz6ypQrSfNiXwiEU8g-/,240108,3,3,1,1,3,2.0
cdCpbiyedDz6ypQrSfNiXwiEU8g-/,329862,3,5,3,3,3,3.0
cdCpbiyedDz6ypQrSfNiXwiEU8g-/,327529,1,3,3,3,3,2.0
cdCpbiyedDz6ypQrSfNiXwiEU8g-/,327204,5,5,5,3,1,5.0
cdCpbiyedDz6ypQrSfNiXwiEU8g-/,330573,3,1,3,3,3,4.0
cdCpbiyedDz6ypQrSfNiXwiEU8g-/,327253,5,3,3,3,3,4.0
cdCpbiyedDz6ypQrSfNiXwiEU8g-/,326725,1,5,1,3,3,2.0
cdCpbiyedDz6ypQrSfNiXwiEU8g-/,328795,5,5,3,3,3,4.0
cdCpbiyedDz6ypQrSfNiXwiEU8g-/,328680,5,5,5,3,3,4.0
cdCpbiyedDz6ypQrSfNiXwiEU8g-/,332026,3,5,5,5,3,5.0
cdCpbiyedDz6ypQrSfNiXwiEU8g-/,329767,1,3,1,3,3,2.0
cdCpbiyedDz6ypQrSfNiXwiEU8g-/,332388,5,5,5,5,3,4.0
cdCpbiyedDz6ypQrSfNiXwiEU8g-/,330921,5,3,3,3,3,4.0
cdCpbiyedDz6ypQrSfNiXwiEU8g-/,332656,3,3,3,3,3,2.0
cuNHcleTJHcEcgU-/,325661,1,5,3,3,3,3.0
cuNHcleTJHcEcgU-/,328581,5,5,5,5,3,5.0
cuNHcleTJHcEcgU-/,324255,1,5,1,3,3,3.0
cuNHcleTJHcEcgU-/,338302,1,1,1,5,3,1.0
cuNHcleTJHcEcgU-/,327080,3,5,5,3,3,4.0
cuNHcleTJHcEcgU-/,335381,5,3,5,3,3,4.0
cuNHcleTJHcEcgU-/,345678,1,5,1,1,3,1.0
cuNHcleTJHcEcgU-/,323400,3,5,5,5,1,4.0
cuNHcleTJHcEcgU-/,339817,1,1,1,1,3,1.0
cuNHcleTJHcEcgU-/,344585,1,3,1,3,3,1.0
cuNHcleTJHcEcgU-/,347376,1,5,1,1,5,1.0
cuNHcleTJHcEcgU-/,344013,5,5,5,3,3,5.0
cuNHcleTJHcEcgU-/,329757,3,5,5,3,3,4.0
cuNHcleTJHcEcgU-/,331776,3,3,3,3,3,3.0
cuNHcleTJHcEcgU-/,325622,3,3,3,3,3,3.0
cuNHcleTJHcEcgU-/,333240,1,1,1,1,3,2.0
cuNHcleTJHcEcgU-/,324328,3,3,5,3,3,3.0
cuNHcleTJHcEcgU-/,323156,3,5,5,5,5,5.0
cuNHcleTJHcEcgU-/,325630,3,5,3,5,5,3.0
cuNHcleTJHcEcgU-/,329400,5,3,5,3,3,4.0
d0eyAxOQejYHujqdJYwUMQ--/,342621,5,3,3,3,3,4.0
d0eyAxOQejYHujqdJYwUMQ--/,347021,5,5,3,3,3,4.0
d0eyAxOQejYHujqdJYwUMQ--/,348635,3,5,3,5,3,4.0
d0eyAxOQejYHujqdJYwUMQ--/,342733,1,5,3,3,3,3.0
d0eyAxOQejYHujqdJYwUMQ--/,342160,3,3,3,5,3,4.0
d0eyAxOQejYHujqdJYwUMQ--/,346876,3,3,3,3,3,4.0
d0eyAxOQejYHujqdJYwUMQ--/,341728,3,5,5,3,3,3.0
d0eyAxOQejYHujqdJYwUMQ--/,335612,3,3,3,3,3,4.0
d0eyAxOQejYHujqdJYwUMQ--/,344500,5,3,5,5,3,5.0
d0eyAxOQejYHujqdJYwUMQ--/,334837,3,5,3,1,3,4.0
d0eyAxOQejYHujqdJYwUMQ--/,336633,3,5,3,3,3,4.0
d0eyAxOQejYHujqdJYwUMQ--/,338984,3,1,3,3,3,3.0
d0eyAxOQejYHujqdJYwUMQ--/,345497,5,3,5,5,3,5.0
d0eyAxOQejYHujqdJYwUMQ--/,319595,3,3,3,5,3,4.0
d0eyAxOQejYHujqdJYwUMQ--/,337962,3,5,3,3,3,4.0
d0eyAxOQejYHujqdJYwUMQ--/,341770,5,5,3,3,3,4.0
d0eyAxOQejYHujqdJYwUMQ--/,344125,1,3,1,3,3,3.0
d0eyAxOQejYHujqdJYwUMQ--/,343646,3,5,5,3,3,5.0
d0eyAxOQejYHujqdJYwUMQ--/,335872,1,1,3,3,3,3.0
d0eyAxOQejYHujqdJYwUMQ--/,337959,1,3,1,5,3,2.0
dEFXVeCcdC2tq3MWd1yAnA--/,346347,1,5,1,1,3,4.0
dEFXVeCcdC2tq3MWd1yAnA--/,348678,3,3,1,3,3,4.0
dEFXVeCcdC2tq3MWd1yAnA--/,342770,5,5,5,5,3,4.0
dEFXVeCcdC2tq3MWd1yAnA--/,348578,1,3,1,3,3,4.0
dEFXVeCcdC2tq3MWd1yAnA--/,324899,3,3,3,3,3,4.0
dEFXVeCcdC2tq3MWd1yAnA--/,334153,3,3,3,3,3,3.0
dEFXVeCcdC2tq3MWd1yAnA--/,330525,1,3,1,3,3,2.0
dEFXVeCcdC2tq3MWd1yAnA--/,347708,3,1,1,1,3,1.0
dEFXVeCcdC2tq3MWd1yAnA--/,345264,5,5,5,3,3,4.0
dEFXVeCcdC2tq3MWd1yAnA--/,329107,1,1,3,3,3,2.0
dEFXVeCcdC2tq3MWd1yAnA--/,346052,3,3,3,3,3,3.0
dEFXVeCcdC2tq3MWd1yAnA--/,335510,1,3,1,1,3,2.0
dEFXVeCcdC2tq3MWd1yAnA--/,331290,1,3,1,1,3,2.0
dEFXVeCcdC2tq3MWd1yAnA--/,85258,5,5,5,3,3,5.0
dEFXVeCcdC2tq3MWd1yAnA--/,330766,3,3,3,3,3,3.0
dEFXVeCcdC2tq3MWd1yAnA--/,345794,1,1,1,1,3,2.0
dEFXVeCcdC2tq3MWd1yAnA--/,329345,5,3,5,3,3,4.0
dEFXVeCcdC2tq3MWd1yAnA--/,239576,5,5,5,5,3,4.0
dEFXVeCcdC2tq3MWd1yAnA--/,343691,5,5,5,3,3,4.0
dEFXVeCcdC2tq3MWd1yAnA--/,346673,1,3,1,3,3,4.0
e4vml1iCfSvZgHwauzUs/,328151,3,3,3,3,5,4.0
e4vml1iCfSvZgHwauzUs/,339814,5,5,5,5,3,3.0
e4vml1iCfSvZgHwauzUs/,329623,3,3,3,3,3,5.0
e4vml1iCfSvZgHwauzUs/,329594,3,3,3,3,3,4.0
e4vml1iCfSvZgHwauzUs/,328191,1,3,3,3,3,2.0
e4vml1iCfSvZgHwauzUs/,332328,5,3,5,3,3,4.0
e4vml1iCfSvZgHwauzUs/,333831,5,5,3,3,3,3.0
e4vml1iCfSvZgHwauzUs/,329757,3,5,3,5,3,5.0
e4vml1iCfSvZgHwauzUs/,338127,5,5,5,3,3,5.0
e4vml1iCfSvZgHwauzUs/,329418,5,5,5,5,3,4.0
e4vml1iCfSvZgHwauzUs/,339986,5,3,5,3,3,4.0
e4vml1iCfSvZgHwauzUs/,325435,3,3,3,3,3,4.0
e4vml1iCfSvZgHwauzUs/,332676,3,5,3,5,3,4.0
e4vml1iCfSvZgHwauzUs/,326203,5,3,5,5,3,4.0
e4vml1iCfSvZgHwauzUs/,327081,3,3,3,5,3,3.0
e4vml1iCfSvZgHwauzUs/,327838,3,3,3,5,5,4.0
e4vml1iCfSvZgHwauzUs/,329887,5,5,5,5,3,5.0
e4vml1iCfSvZgHwauzUs/,324563,5,5,3,3,3,5.0
e4vml1iCfSvZgHwauzUs/,325032,5,5,5,5,3,4.0
e4vml1iCfSvZgHwauzUs/,346152,3,3,3,5,3,5.0
fs11usWUdCdt.4O4gS8E5T1J6eE-/,336045,1,1,1,3,3,1.0
fs11usWUdCdt.4O4gS8E5T1J6eE-/,334301,3,3,3,3,3,3.0
fs11usWUdCdt.4O4gS8E5T1J6eE-/,335875,3,5,3,3,5,3.0
fs11usWUdCdt.4O4gS8E5T1J6eE-/,335747,3,5,5,3,3,4.0
fs11usWUdCdt.4O4gS8E5T1J6eE-/,237937,3,3,3,3,3,4.0
fs11usWUdCdt.4O4gS8E5T1J6eE-/,335550,3,1,3,3,3,3.0
fs11usWUdCdt.4O4gS8E5T1J6eE-/,336827,3,5,3,3,3,4.0
fs11usWUdCdt.4O4gS8E5T1J6eE-/,336717,1,3,1,3,3,1.0
fs11usWUdCdt.4O4gS8E5T1J6eE-/,338717,1,1,1,1,3,2.0
fs11usWUdCdt.4O4gS8E5T1J6eE-/,335765,3,3,5,3,3,4.0
fs11usWUdCdt.4O4gS8E5T1J6eE-/,320059,1,3,1,1,3,1.0
fs11usWUdCdt.4O4gS8E5T1J6eE-/,336255,3,5,5,5,1,4.0
fs11usWUdCdt.4O4gS8E5T1J6eE-/,323067,5,3,5,3,3,5.0
fs11usWUdCdt.4O4gS8E5T1J6eE-/,327455,3,3,3,3,3,4.0
fs11usWUdCdt.4O4gS8E5T1J6eE-/,331061,3,3,1,3,3,2.0
fs11usWUdCdt.4O4gS8E5T1J6eE-/,335874,1,1,1,1,1,2.0
fs11usWUdCdt.4O4gS8E5T1J6eE-/,335584,1,1,1,3,3,2.0
fs11usWUdCdt.4O4gS8E5T1J6eE-/,322729,3,3,3,3,3,3.0
fs11usWUdCdt.4O4gS8E5T1J6eE-/,337257,1,3,1,1,3,3.0
fs11usWUdCdt.4O4gS8E5T1J6eE-/,238071,3,3,3,3,3,5.0
fyThRziFfCmnOVWt8oJPg5E-/,347241,1,1,1,3,3,1.0
fyThRziFfCmnOVWt8oJPg5E-/,347758,5,5,5,3,3,4.0
fyThRziFfCmnOVWt8oJPg5E-/,346706,1,3,1,3,3,3.0
fyThRziFfCmnOVWt8oJPg5E-/,346801,5,5,5,3,3,4.0
fyThRziFfCmnOVWt8oJPg5E-/,349327,1,5,3,3,3,3.0
fyThRziFfCmnOVWt8oJPg5E-/,347375,3,3,1,3,3,3.0
fyThRziFfCmnOVWt8oJPg5E-/,346945,5,3,5,5,3,4.0
fyThRziFfCmnOVWt8oJPg5E-/,346394,3,3,5,5,3,4.0
fyThRziFfCmnOVWt8oJPg5E-/,346336,5,1,3,3,3,4.0
fyThRziFfCmnOVWt8oJPg5E-/,347159,1,3,1,1,3,2.0
fyThRziFfCmnOVWt8oJPg5E-/,346672,5,3,3,3,3,4.0
fyThRziFfCmnOVWt8oJPg5E-/,348793,1,3,1,3,3,1.0
fyThRziFfCmnOVWt8oJPg5E-/,347377,1,1,1,1,3,1.0
fyThRziFfCmnOVWt8oJPg5E-/,348610,3,3,3,5,3,4.0
fyThRziFfCmnOVWt8oJPg5E-/,345089,3,3,3,5,3,3.0
fyThRziFfCmnOVWt8oJPg5E-/,349070,1,3,1,3,1,3.0
fyThRziFfCmnOVWt8oJPg5E-/,346540,3,5,3,5,5,5.0
fyThRziFfCmnOVWt8oJPg5E-/,347018,5,3,5,3,3,3.0
fyThRziFfCmnOVWt8oJPg5E-/,347420,1,1,1,3,3,2.0
fyThRziFfCmnOVWt8oJPg5E-/,347296,5,3,5,5,5,4.0
gFhsrHOFfTun.13XSs7YsQ--/,327795,3,3,3,3,5,4.0
gFhsrHOFfTun.13XSs7YsQ--/,338649,5,5,5,5,3,5.0
gFhsrHOFfTun.13XSs7YsQ--/,328448,5,5,5,5,3,5.0
gFhsrHOFfTun.13XSs7YsQ--/,332002,1,3,3,5,3,2.0
gFhsrHOFfTun.13XSs7YsQ--/,326723,5,5,5,3,3,5.0
gFhsrHOFfTun.13XSs7YsQ--/,332815,1,3,3,3,3,2.0
gFhsrHOFfTun.13XSs7YsQ--/,330008,5,5,5,5,3,4.0
gFhsrHOFfTun.13XSs7YsQ--/,338776,5,5,5,5,3,5.0
gFhsrHOFfTun.13XSs7YsQ--/,339108,1,1,1,1,3,2.0
gFhsrHOFfTun.13XSs7YsQ--/,346152,5,5,5,5,3,5.0
gFhsrHOFfTun.13XSs7YsQ--/,337734,5,3,5,5,3,5.0
gFhsrHOFfTun.13XSs7YsQ--/,341849,3,1,3,3,3,3.0
gFhsrHOFfTun.13XSs7YsQ--/,330042,5,5,5,5,3,5.0
gFhsrHOFfTun.13XSs7YsQ--/,326551,5,5,5,3,3,5.0
gFhsrHOFfTun.13XSs7YsQ--/,328680,5,5,5,5,3,5.0
gFhsrHOFfTun.13XSs7YsQ--/,331288,3,3,3,3,3,4.0
gFhsrHOFfTun.13XSs7YsQ--/,335991,5,5,5,5,3,4.0
gFhsrHOFfTun.13XSs7YsQ--/,327619,5,5,5,3,3,4.0
gFhsrHOFfTun.13XSs7YsQ--/,334370,5,5,5,5,3,4.0
gFhsrHOFfTun.13XSs7YsQ--/,333672,3,5,3,3,3,3.0
hNaroqKdcCeokX93udeC1NPlKQ--/,334768,3,3,3,3,3,1.0
hNaroqKdcCeokX93udeC1NPlKQ--/,10909,5,3,3,3,3,5.0
hNaroqKdcCeokX93udeC1NPlKQ--/,337733,1,3,1,1,3,1.0
hNaroqKdcCeokX93udeC1NPlKQ--/,329666,3,3,3,3,3,4.0
hNaroqKdcCeokX93udeC1NPlKQ--/,322085,3,3,3,3,3,3.0
hNaroqKdcCeokX93udeC1NPlKQ--/,327080,3,3,3,3,3,4.0
hNaroqKdcCeokX93udeC1NPlKQ--/,51226,5,5,5,3,3,5.0
hNaroqKdcCeokX93udeC1NPlKQ--/,361,3,3,3,3,3,5.0
hNaroqKdcCeokX93udeC1NPlKQ--/,326008,3,5,3,5,3,4.0
hNaroqKdcCeokX93udeC1NPlKQ--/,326034,3,5,3,3,3,3.0
hNaroqKdcCeokX93udeC1NPlKQ--/,326744,3,3,3,3,3,3.0
hNaroqKdcCeokX93udeC1NPlKQ--/,320636,3,3,3,3,3,4.0
hNaroqKdcCeokX93udeC1NPlKQ--/,331407,3,3,3,3,3,3.0
hNaroqKdcCeokX93udeC1NPlKQ--/,328207,3,3,3,3,3,3.0
hNaroqKdcCeokX93udeC1NPlKQ--/,335612,3,5,5,5,5,4.0
hNaroqKdcCeokX93udeC1NPlKQ--/,327529,3,3,3,1,3,1.0
hNaroqKdcCeokX93udeC1NPlKQ--/,83465,3,3,5,3,3,4.0
hNaroqKdcCeokX93udeC1NPlKQ--/,160196,3,5,3,3,3,5.0
hNaroqKdcCeokX93udeC1NPlKQ--/,324256,3,3,3,3,3,4.0
hNaroqKdcCeokX93udeC1NPlKQ--/,336818,3,3,3,3,3,2.0
hZN4oBuBejnREOCqzg--/,335594,3,3,3,3,3,3.0
hZN4oBuBejnREOCqzg--/,335127,3,3,1,3,3,3.0
hZN4oBuBejnREOCqzg--/,334301,3,3,3,3,3,2.0
hZN4oBuBejnREOCqzg--/,340492,1,1,1,1,3,3.0
hZN4oBuBejnREOCqzg--/,330940,3,3,3,3,5,3.0
hZN4oBuBejnREOCqzg--/,330434,3,3,5,5,3,4.0
hZN4oBuBejnREOCqzg--/,10909,3,3,3,3,3,4.0
hZN4oBuBejnREOCqzg--/,332731,3,5,5,3,3,3.0
hZN4oBuBejnREOCqzg--/,331247,5,3,5,3,3,5.0
hZN4oBuBejnREOCqzg--/,329605,5,5,5,5,3,4.0
hZN4oBuBejnREOCqzg--/,241425,5,5,5,3,1,4.0
hZN4oBuBejnREOCqzg--/,334088,1,1,1,1,3,2.0
hZN4oBuBejnREOCqzg--/,328843,3,3,5,3,3,3.0
hZN4oBuBejnREOCqzg--/,335197,3,3,3,3,3,4.0
hZN4oBuBejnREOCqzg--/,331621,5,5,5,3,3,4.0
hZN4oBuBejnREOCqzg--/,332616,1,5,5,5,3,3.0
hZN4oBuBejnREOCqzg--/,325646,5,5,3,3,1,4.0
hZN4oBuBejnREOCqzg--/,329346,3,5,5,3,3,1.0
hZN4oBuBejnREOCqzg--/,332887,1,5,1,3,3,2.0
hZN4oBuBejnREOCqzg--/,328158,1,3,1,3,3,2.0
iKu0s6aefD1glTR.wdBuFw--/,329681,5,5,5,5,3,4.0
iKu0s6aefD1glTR.wdBuFw--/,329001,1,1,1,1,3,1.0
iKu0s6aefD1glTR.wdBuFw--/,323915,1,1,1,1,3,1.0
iKu0s6aefD1glTR.wdBuFw--/,326052,3,5,3,3,3,5.0
iKu0s6aefD1glTR.wdBuFw--/,326658,5,5,5,3,3,4.0
iKu0s6aefD1glTR.wdBuFw--/,329055,1,1,1,3,3,2.0
iKu0s6aefD1glTR.wdBuFw--/,326623,5,5,5,3,3,4.0
iKu0s6aefD1glTR.wdBuFw--/,326220,3,3,3,3,3,3.0
iKu0s6aefD1glTR.wdBuFw--/,241475,5,5,5,3,3,4.0
iKu0s6aefD1glTR.wdBuFw--/,334577,1,5,3,1,3,1.0
iKu0s6aefD1glTR.wdBuFw--/,328546,1,5,3,3,3,3.0
iKu0s6aefD1glTR.wdBuFw--/,335026,5,5,5,5,3,4.0
iKu0s6aefD1glTR.wdBuFw--/,325867,5,1,3,5,3,4.0
iKu0s6aefD1glTR.wdBuFw--/,335567,1,3,1,3,3,2.0
iKu0s6aefD1glTR.wdBuFw--/,324632,3,3,3,5,5,3.0
iKu0s6aefD1glTR.wdBuFw--/,334301,3,5,1,3,3,2.0
iKu0s6aefD1glTR.wdBuFw--/,326549,5,5,5,3,3,4.0
iKu0s6aefD1glTR.wdBuFw--/,327995,1,5,1,3,3,3.0
iKu0s6aefD1glTR.wdBuFw--/,325321,3,1,3,3,3,4.0
iKu0s6aefD1glTR.wdBuFw--/,324329,1,5,1,1,3,2.0
jPXNWbiCdCXS6n0vu6M3.9JOCg--/,339354,3,3,3,3,3,3.0
jPXNWbiCdCXS6n0vu6M3.9JOCg--/,338679,5,3,5,3,3,3.0
jPXNWbiCdCXS6n0vu6M3.9JOCg--/,336827,5,5,5,3,3,4.0
jPXNWbiCdCXS6n0vu6M3.9JOCg--/,336800,1,1,1,1,3,2.0
jPXNWbiCdCXS6n0vu6M3.9JOCg--/,330813,1,3,1,1,3,1.0
jPXNWbiCdCXS6n0vu6M3.9JOCg--/,340151,5,5,5,3,3,4.0
jPXNWbiCdCXS6n0vu6M3.9JOCg--/,333887,3,3,3,3,3,3.0
jPXNWbiCdCXS6n0vu6M3.9JOCg--/,334153,3,5,3,3,3,3.0
jPXNWbiCdCXS6n0vu6M3.9JOCg--/,335837,3,3,3,3,3,2.0
jPXNWbiCdCXS6n0vu6M3.9JOCg--/,326077,3,3,3,5,5,3.0
jPXNWbiCdCXS6n0vu6M3.9JOCg--/,324416,5,3,5,5,3,4.0
jPXNWbiCdCXS6n0vu6M3.9JOCg--/,344360,5,3,5,3,3,4.0
jPXNWbiCdCXS6n0vu6M3.9JOCg--/,325438,3,3,5,5,3,4.0
jPXNWbiCdCXS6n0vu6M3.9JOCg--/,343732,1,3,3,3,3,2.0
jPXNWbiCdCXS6n0vu6M3.9JOCg--/,330573,3,1,3,3,3,3.0
jPXNWbiCdCXS6n0vu6M3.9JOCg--/,330764,1,1,1,3,3,2.0
jPXNWbiCdCXS6n0vu6M3.9JOCg--/,341958,1,3,1,1,3,2.0
jPXNWbiCdCXS6n0vu6M3.9JOCg--/,341611,3,3,3,5,3,4.0
jPXNWbiCdCXS6n0vu6M3.9JOCg--/,20735,5,3,5,3,5,5.0
jPXNWbiCdCXS6n0vu6M3.9JOCg--/,346608,5,3,5,5,3,4.0
lFIMxsmbdBF_jjQqKkuy/,327032,5,5,5,5,3,4.0
lFIMxsmbdBF_jjQqKkuy/,323689,5,5,5,5,3,4.0
lFIMxsmbdBF_jjQqKkuy/,24565,5,5,5,5,5,5.0
lFIMxsmbdBF_jjQqKkuy/,10909,5,5,5,5,3,5.0
lFIMxsmbdBF_jjQqKkuy/,324932,1,1,1,3,3,2.0
lFIMxsmbdBF_jjQqKkuy/,330473,1,5,1,1,3,2.0
lFIMxsmbdBF_jjQqKkuy/,323184,3,5,5,3,3,4.0
lFIMxsmbdBF_jjQqKkuy/,328843,5,5,5,3,3,4.0
lFIMxsmbdBF_jjQqKkuy/,325032,3,5,3,3,3,4.0
lFIMxsmbdBF_jjQqKkuy/,329786,1,5,1,3,3,2.0
lFIMxsmbdBF_jjQqKkuy/,323366,3,3,3,3,3,3.0
lFIMxsmbdBF_jjQqKkuy/,322731,3,3,3,3,3,3.0
lFIMxsmbdBF_jjQqKkuy/,329945,3,5,3,3,3,3.0
lFIMxsmbdBF_jjQqKkuy/,322120,3,5,5,3,3,3.0
lFIMxsmbdBF_jjQqKkuy/,322729,3,3,3,1,3,3.0
lFIMxsmbdBF_jjQqKkuy/,331823,1,5,1,3,3,4.0
lFIMxsmbdBF_jjQqKkuy/,22317,5,5,5,3,3,3.0
lFIMxsmbdBF_jjQqKkuy/,323842,3,1,3,3,3,3.0
lFIMxsmbdBF_jjQqKkuy/,320950,5,5,3,3,3,3.0
lFIMxsmbdBF_jjQqKkuy/,327741,3,3,1,1,3,2.0
lQ96MmyFZSMQGYXYAAk-/,336172,3,3,3,3,3,2.0
lQ96MmyFZSMQGYXYAAk-/,336357,3,5,5,5,3,5.0
lQ96MmyFZSMQGYXYAAk-/,335765,5,5,5,5,3,5.0
lQ96MmyFZSMQGYXYAAk-/,334421,1,1,1,1,1,1.0
lQ96MmyFZSMQGYXYAAk-/,335824,3,5,3,3,3,5.0
lQ96MmyFZSMQGYXYAAk-/,334175,5,1,3,3,3,4.0
lQ96MmyFZSMQGYXYAAk-/,334235,3,5,5,3,3,5.0
lQ96MmyFZSMQGYXYAAk-/,337733,3,1,5,3,3,5.0
lQ96MmyFZSMQGYXYAAk-/,334516,3,3,3,5,3,2.0
lQ96MmyFZSMQGYXYAAk-/,339967,5,3,5,5,3,5.0
lQ96MmyFZSMQGYXYAAk-/,334895,3,5,3,3,3,4.0
lQ96MmyFZSMQGYXYAAk-/,335498,5,1,5,3,3,4.0
lQ96MmyFZSMQGYXYAAk-/,325627,1,3,1,1,3,1.0
lQ96MmyFZSMQGYXYAAk-/,333832,5,3,5,3,3,5.0
lQ96MmyFZSMQGYXYAAk-/,333332,5,3,5,3,3,5.0
lQ96MmyFZSMQGYXYAAk-/,331380,3,5,3,3,3,5.0
lQ96MmyFZSMQGYXYAAk-/,335599,5,5,5,3,3,4.0
lQ96MmyFZSMQGYXYAAk-/,330418,3,5,5,3,3,5.0
lQ96MmyFZSMQGYXYAAk-/,335991,3,3,3,5,3,4.0
lQ96MmyFZSMQGYXYAAk-/,323000,5,5,3,3,3,5.0
ldOUEJiUcDoerL9boAHi/,330813,1,3,1,1,3,2.0
ldOUEJiUcDoerL9boAHi/,333627,3,3,3,3,3,3.0
ldOUEJiUcDoerL9boAHi/,325627,5,5,5,5,3,4.0
ldOUEJiUcDoerL9boAHi/,334339,1,3,1,3,3,2.0
ldOUEJiUcDoerL9boAHi/,328901,3,3,3,3,3,3.0
ldOUEJiUcDoerL9boAHi/,334577,3,3,3,3,1,2.0
ldOUEJiUcDoerL9boAHi/,334016,5,5,5,3,3,4.0
ldOUEJiUcDoerL9boAHi/,336717,1,3,1,3,3,1.0
ldOUEJiUcDoerL9boAHi/,333683,3,3,3,3,3,3.0
ldOUEJiUcDoerL9boAHi/,334768,3,5,5,3,3,4.0
ldOUEJiUcDoerL9boAHi/,346630,3,5,5,3,3,4.0
ldOUEJiUcDoerL9boAHi/,335397,1,3,1,3,3,1.0
ldOUEJiUcDoerL9boAHi/,334771,3,5,3,1,3,2.0
ldOUEJiUcDoerL9boAHi/,335747,1,3,3,1,3,3.0
ldOUEJiUcDoerL9boAHi/,333965,5,3,5,3,3,4.0
ldOUEJiUcDoerL9boAHi/,334088,3,1,5,5,3,3.0
ldOUEJiUcDoerL9boAHi/,329887,5,3,5,5,3,5.0
ldOUEJiUcDoerL9boAHi/,85120,5,5,5,5,3,5.0
ldOUEJiUcDoerL9boAHi/,335612,5,3,5,3,3,5.0
ldOUEJiUcDoerL9boAHi/,328975,5,5,5,3,3,4.0
ln2znN.UcCK8t8MumBPodw--/,347375,1,1,3,3,3,5.0
ln2znN.UcCK8t8MumBPodw--/,344380,1,3,3,3,3,3.0
ln2znN.UcCK8t8MumBPodw--/,344614,1,1,1,1,3,1.0
ln2znN.UcCK8t8MumBPodw--/,336274,3,3,5,3,3,5.0
ln2znN.UcCK8t8MumBPodw--/,347535,3,3,3,5,3,5.0
ln2znN.UcCK8t8MumBPodw--/,346657,3,5,3,3,3,4.0
ln2znN.UcCK8t8MumBPodw--/,346608,1,3,1,3,1,4.0
ln2znN.UcCK8t8MumBPodw--/,344303,1,1,1,1,3,1.0
ln2znN.UcCK8t8MumBPodw--/,342806,5,5,5,3,3,5.0
ln2znN.UcCK8t8MumBPodw--/,340512,3,5,3,3,3,4.0
ln2znN.UcCK8t8MumBPodw--/,339915,1,1,3,3,3,1.0
ln2znN.UcCK8t8MumBPodw--/,345649,5,1,1,3,1,3.0
ln2znN.UcCK8t8MumBPodw--/,341825,1,3,1,1,3,4.0
ln2znN.UcCK8t8MumBPodw--/,52336,1,1,1,1,3,1.0
ln2znN.UcCK8t8MumBPodw--/,346664,5,5,3,3,3,5.0
ln2znN.UcCK8t8MumBPodw--/,333367,3,1,3,3,3,3.0
ln2znN.UcCK8t8MumBPodw--/,346393,5,3,3,3,1,5.0
ln2znN.UcCK8t8MumBPodw--/,332137,1,3,1,1,3,1.0
ln2znN.UcCK8t8MumBPodw--/,342623,5,5,5,3,3,4.0
ln2znN.UcCK8t8MumBPodw--/,335575,1,3,1,5,5,3.0
lrVtk5GXdyuJsdwmTmZJ/,54739,3,5,5,3,3,5.0
lrVtk5GXdyuJsdwmTmZJ/,84197,1,1,1,3,3,3.0
lrVtk5GXdyuJsdwmTmZJ/,239766,3,3,5,3,3,5.0
lrVtk5GXdyuJsdwmTmZJ/,337475,5,5,5,3,3,5.0
lrVtk5GXdyuJsdwmTmZJ/,334301,5,3,3,3,3,5.0
lrVtk5GXdyuJsdwmTmZJ/,22239,1,3,1,3,3,3.0
lrVtk5GXdyuJsdwmTmZJ/,330227,3,1,3,3,3,3.0
lrVtk5GXdyuJsdwmTmZJ/,326744,3,3,3,3,3,3.0
lrVtk5GXdyuJsdwmTmZJ/,18189,3,5,5,3,3,5.0
lrVtk5GXdyuJsdwmTmZJ/,240710,3,5,3,3,3,5.0
lrVtk5GXdyuJsdwmTmZJ/,340466,3,3,3,5,3,4.0
lrVtk5GXdyuJsdwmTmZJ/,234693,1,3,3,3,3,3.0
lrVtk5GXdyuJsdwmTmZJ/,328495,5,5,5,3,3,5.0
lrVtk5GXdyuJsdwmTmZJ/,321232,5,3,5,5,3,4.0
lrVtk5GXdyuJsdwmTmZJ/,18187,5,3,5,3,3,4.0
lrVtk5GXdyuJsdwmTmZJ/,318646,3,1,3,3,3,3.0
lrVtk5GXdyuJsdwmTmZJ/,334088,1,3,1,3,3,2.0
lrVtk5GXdyuJsdwmTmZJ/,85186,5,3,3,5,3,5.0
lrVtk5GXdyuJsdwmTmZJ/,239767,1,3,1,3,3,4.0
lrVtk5GXdyuJsdwmTmZJ/,162566,3,3,3,3,3,4.0
m_TOBNSGdD5A3Wuf/,338491,1,5,1,1,3,1.0
m_TOBNSGdD5A3Wuf/,333966,3,3,3,3,5,5.0
m_TOBNSGdD5A3Wuf/,340335,3,3,5,5,5,5.0
m_TOBNSGdD5A3Wuf/,347738,3,3,3,3,3,4.0
m_TOBNSGdD5A3Wuf/,343334,5,3,3,3,3,5.0
m_TOBNSGdD5A3Wuf/,340972,5,5,5,5,3,5.0
m_TOBNSGdD5A3Wuf/,321423,5,5,5,3,3,5.0
m_TOBNSGdD5A3Wuf/,336827,5,5,5,5,3,5.0
m_TOBNSGdD5A3Wuf/,336481,1,1,1,1,3,1.0
m_TOBNSGdD5A3Wuf/,319333,5,5,5,5,3,5.0
m_TOBNSGdD5A3Wuf/,338532,5,3,5,5,3,5.0
m_TOBNSGdD5A3Wuf/,338395,3,5,3,3,3,4.0
m_TOBNSGdD5A3Wuf/,336755,3,5,3,3,3,5.0
m_TOBNSGdD5A3Wuf/,338075,3,5,3,3,3,2.0
m_TOBNSGdD5A3Wuf/,343488,5,5,5,3,3,4.0
m_TOBNSGdD5A3Wuf/,344429,5,5,5,3,3,5.0
m_TOBNSGdD5A3Wuf/,344135,5,5,5,5,3,5.0
m_TOBNSGdD5A3Wuf/,335197,5,5,5,3,3,5.0
m_TOBNSGdD5A3Wuf/,339180,5,5,5,3,3,4.0
m_TOBNSGdD5A3Wuf/,347428,3,5,3,3,3,4.0
mhe3NNCBZikjwkZFyg--/,330569,3,5,3,3,3,4.0
mhe3NNCBZikjwkZFyg--/,336479,1,3,1,1,3,1.0
mhe3NNCBZikjwkZFyg--/,336481,5,5,5,5,3,5.0
mhe3NNCBZikjwkZFyg--/,336591,3,3,3,3,3,3.0
mhe3NNCBZikjwkZFyg--/,334303,5,5,5,3,3,5.0
mhe3NNCBZikjwkZFyg--/,340705,3,3,3,3,3,3.0
mhe3NNCBZikjwkZFyg--/,339355,3,3,3,3,3,3.0
mhe3NNCBZikjwkZFyg--/,321698,3,3,3,3,3,4.0
mhe3NNCBZikjwkZFyg--/,327994,3,3,3,3,3,4.0
mhe3NNCBZikjwkZFyg--/,335927,3,5,3,3,3,3.0
mhe3NNCBZikjwkZFyg--/,339309,3,3,3,3,3,5.0
mhe3NNCBZikjwkZFyg--/,340833,3,1,3,3,3,3.0
mhe3NNCBZikjwkZFyg--/,338319,5,5,5,5,3,5.0
mhe3NNCBZikjwkZFyg--/,337347,5,3,3,3,3,4.0
mhe3NNCBZikjwkZFyg--/,334187,3,5,3,3,3,3.0
mhe3NNCBZikjwkZFyg--/,340605,5,5,5,3,3,5.0
mhe3NNCBZikjwkZFyg--/,329464,3,5,5,5,3,5.0
mhe3NNCBZikjwkZFyg--/,331111,3,3,3,3,3,1.0
mhe3NNCBZikjwkZFyg--/,342620,3,1,3,3,3,2.0
mhe3NNCBZikjwkZFyg--/,161226,5,3,3,3,3,3.0
nUJF6uibYC0GRicDfp1ZYZI-/,321099,3,3,3,3,3,4.0
nUJF6uibYC0GRicDfp1ZYZI-/,340699,5,5,3,3,3,3.0
nUJF6uibYC0GRicDfp1ZYZI-/,320777,5,5,5,3,3,4.0
nUJF6uibYC0GRicDfp1ZYZI-/,340196,1,5,1,3,3,3.0
nUJF6uibYC0GRicDfp1ZYZI-/,329419,5,5,5,5,3,4.0
nUJF6uibYC0GRicDfp1ZYZI-/,324443,3,5,1,3,3,2.0
nUJF6uibYC0GRicDfp1ZYZI-/,329970,5,5,5,3,3,3.0
nUJF6uibYC0GRicDfp1ZYZI-/,334153,3,5,5,3,3,4.0
nUJF6uibYC0GRicDfp1ZYZI-/,330690,3,5,3,3,3,2.0
nUJF6uibYC0GRicDfp1ZYZI-/,329767,3,3,5,3,5,3.0
nUJF6uibYC0GRicDfp1ZYZI-/,331460,5,5,5,3,3,3.0
nUJF6uibYC0GRicDfp1ZYZI-/,330914,5,5,5,5,3,4.0
nUJF6uibYC0GRicDfp1ZYZI-/,327078,3,5,5,3,3,4.0
nUJF6uibYC0GRicDfp1ZYZI-/,338649,5,5,5,3,3,4.0
nUJF6uibYC0GRicDfp1ZYZI-/,323641,3,5,3,3,5,3.0
nUJF6uibYC0GRicDfp1ZYZI-/,325103,1,5,1,1,3,1.0
nUJF6uibYC0GRicDfp1ZYZI-/,346099,5,5,5,3,3,4.0
nUJF6uibYC0GRicDfp1ZYZI-/,329911,3,5,1,1,3,2.0
nUJF6uibYC0GRicDfp1ZYZI-/,241372,5,3,5,3,5,4.0
nUJF6uibYC0GRicDfp1ZYZI-/,328546,3,3,3,3,5,3.0
p5WHR_6QYCQJ7mPHHHuniw--/,323360,3,3,3,3,3,3.0
p5WHR_6QYCQJ7mPHHHuniw--/,321600,1,5,1,1,3,2.0
p5WHR_6QYCQJ7mPHHHuniw--/,329345,1,3,1,3,3,1.0
p5WHR_6QYCQJ7mPHHHuniw--/,323478,3,3,3,3,3,5.0
p5WHR_6QYCQJ7mPHHHuniw--/,1076,1,3,1,3,3,2.0
p5WHR_6QYCQJ7mPHHHuniw--/,327939,1,3,1,3,3,2.0
p5WHR_6QYCQJ7mPHHHuniw--/,241228,3,3,3,3,3,3.0
p5WHR_6QYCQJ7mPHHHuniw--/,320212,3,1,3,1,3,2.0
p5WHR_6QYCQJ7mPHHHuniw--/,236645,1,3,1,1,3,1.0
p5WHR_6QYCQJ7mPHHHuniw--/,241600,1,5,1,3,3,2.0
p5WHR_6QYCQJ7mPHHHuniw--/,324899,1,3,3,3,3,3.0
p5WHR_6QYCQJ7mPHHHuniw--/,321449,3,5,3,3,3,3.0
p5WHR_6QYCQJ7mPHHHuniw--/,335800,3,3,3,5,3,2.0
p5WHR_6QYCQJ7mPHHHuniw--/,163038,3,3,3,3,1,2.0
p5WHR_6QYCQJ7mPHHHuniw--/,83464,1,3,3,3,3,3.0
p5WHR_6QYCQJ7mPHHHuniw--/,235233,5,5,3,3,3,5.0
p5WHR_6QYCQJ7mPHHHuniw--/,338398,3,3,3,3,3,2.0
p5WHR_6QYCQJ7mPHHHuniw--/,240712,1,3,3,5,3,2.0
p5WHR_6QYCQJ7mPHHHuniw--/,327000,1,3,3,3,3,1.0
p5WHR_6QYCQJ7mPHHHuniw--/,323916,1,3,3,5,3,3.0
porAY1KSYSxYnOyK7g--/,336253,1,1,1,1,3,2.0
porAY1KSYSxYnOyK7g--/,331061,3,1,1,1,3,2.0
porAY1KSYSxYnOyK7g--/,323212,5,3,5,3,3,4.0
porAY1KSYSxYnOyK7g--/,321011,3,3,3,3,3,5.0
porAY1KSYSxYnOyK7g--/,83294,3,1,3,3,3,3.0
porAY1KSYSxYnOyK7g--/,325995,3,3,3,3,3,5.0
porAY1KSYSxYnOyK7g--/,86066,5,5,5,1,3,5.0
porAY1KSYSxYnOyK7g--/,322250,3,1,3,3,3,3.0
porAY1KSYSxYnOyK7g--/,334880,3,3,3,3,3,4.0
porAY1KSYSxYnOyK7g--/,337511,3,3,3,3,3,4.0
porAY1KSYSxYnOyK7g--/,332788,3,3,3,3,3,2.0
porAY1KSYSxYnOyK7g--/,330085,1,3,1,3,3,3.0
porAY1KSYSxYnOyK7g--/,331732,3,3,3,3,3,3.0
porAY1KSYSxYnOyK7g--/,325480,5,3,5,5,3,5.0
porAY1KSYSxYnOyK7g--/,331823,3,3,1,3,3,3.0
porAY1KSYSxYnOyK7g--/,325467,5,3,3,3,3,5.0
porAY1KSYSxYnOyK7g--/,21716,1,1,3,3,3,2.0
porAY1KSYSxYnOyK7g--/,12122,3,3,3,3,3,3.0
porAY1KSYSxYnOyK7g--/,327924,3,3,1,3,3,4.0
porAY1KSYSxYnOyK7g--/,21714,5,5,5,3,5,5.0
pvL6DNSCfSH1Ph6pVg--/,328724,5,5,5,5,3,4.0
pvL6DNSCfSH1Ph6pVg--/,326536,1,1,1,1,3,2.0
pvL6DNSCfSH1Ph6pVg--/,330244,1,1,1,5,3,3.0
pvL6DNSCfSH1Ph6pVg--/,330813,1,5,1,1,3,2.0
pvL6DNSCfSH1Ph6pVg--/,329623,5,5,5,3,3,4.0
pvL6DNSCfSH1Ph6pVg--/,345923,1,3,1,3,3,3.0
pvL6DNSCfSH1Ph6pVg--/,324298,1,1,1,5,3,3.0
pvL6DNSCfSH1Ph6pVg--/,324286,1,3,3,3,3,3.0
pvL6DNSCfSH1Ph6pVg--/,328171,1,3,3,3,3,1.0
pvL6DNSCfSH1Ph6pVg--/,336818,3,1,1,3,3,1.0
pvL6DNSCfSH1Ph6pVg--/,326220,5,5,5,5,3,4.0
pvL6DNSCfSH1Ph6pVg--/,325423,5,5,5,3,3,5.0
pvL6DNSCfSH1Ph6pVg--/,330042,5,5,5,5,5,4.0
pvL6DNSCfSH1Ph6pVg--/,322404,1,1,1,1,1,2.0
pvL6DNSCfSH1Ph6pVg--/,330921,1,3,1,1,3,1.0
pvL6DNSCfSH1Ph6pVg--/,326503,5,5,5,5,3,4.0
pvL6DNSCfSH1Ph6pVg--/,330008,3,5,3,3,3,4.0
pvL6DNSCfSH1Ph6pVg--/,324027,3,5,3,3,3,4.0
pvL6DNSCfSH1Ph6pVg--/,324946,5,3,5,3,3,3.0
pvL6DNSCfSH1Ph6pVg--/,326203,3,3,1,1,1,2.0
qotReYmYejwclsNGqwBp/,344802,3,3,3,5,3,3.0
qotReYmYejwclsNGqwBp/,348091,3,3,3,3,3,3.0
qotReYmYejwclsNGqwBp/,348264,5,3,5,5,3,4.0
qotReYmYejwclsNGqwBp/,346347,5,5,3,3,3,5.0
qotReYmYejwclsNGqwBp/,346732,3,3,3,3,3,2.0
qotReYmYejwclsNGqwBp/,347315,1,5,3,3,3,3.0
qotReYmYejwclsNGqwBp/,348170,1,3,3,3,3,2.0
qotReYmYejwclsNGqwBp/,346369,3,5,3,3,3,2.0
qotReYmYejwclsNGqwBp/,347021,3,3,3,3,3,5.0
qotReYmYejwclsNGqwBp/,345964,3,3,3,3,3,5.0
qotReYmYejwclsNGqwBp/,346657,3,5,5,3,3,4.0
qotReYmYejwclsNGqwBp/,347552,1,1,1,1,1,1.0
qotReYmYejwclsNGqwBp/,347242,3,5,3,3,1,3.0
qotReYmYejwclsNGqwBp/,347722,3,1,3,5,3,3.0
qotReYmYejwclsNGqwBp/,346418,3,3,3,3,3,5.0
qotReYmYejwclsNGqwBp/,346639,5,3,5,3,3,4.0
qotReYmYejwclsNGqwBp/,347018,3,3,3,3,3,3.0
qotReYmYejwclsNGqwBp/,346630,3,5,3,3,3,4.0
qotReYmYejwclsNGqwBp/,346766,3,1,3,3,3,1.0
qotReYmYejwclsNGqwBp/,335872,3,5,3,1,3,3.0
quT7kXyeYSCG.3DNSw--/,321431,3,5,3,3,3,3.0
quT7kXyeYSCG.3DNSw--/,322994,5,5,5,1,3,4.0
quT7kXyeYSCG.3DNSw--/,23335,5,3,5,5,3,4.0
quT7kXyeYSCG.3DNSw--/,319777,1,5,5,3,3,3.0
quT7kXyeYSCG.3DNSw--/,322039,3,5,5,3,3,4.0
quT7kXyeYSCG.3DNSw--/,324149,5,5,3,3,5,5.0
quT7kXyeYSCG.3DNSw--/,326061,3,3,3,3,5,4.0
quT7kXyeYSCG.3DNSw--/,327202,3,5,1,3,3,4.0
quT7kXyeYSCG.3DNSw--/,162875,3,5,3,1,3,3.0
quT7kXyeYSCG.3DNSw--/,324402,3,5,3,3,3,4.0
quT7kXyeYSCG.3DNSw--/,319263,5,3,5,3,3,4.0
quT7kXyeYSCG.3DNSw--/,325992,5,5,5,5,3,5.0
quT7kXyeYSCG.3DNSw--/,320084,5,3,5,3,1,5.0
quT7kXyeYSCG.3DNSw--/,6354,5,5,5,3,3,5.0
quT7kXyeYSCG.3DNSw--/,237878,5,3,5,3,3,5.0
quT7kXyeYSCG.3DNSw--/,148652,3,5,3,5,3,3.0
quT7kXyeYSCG.3DNSw--/,329786,3,3,5,3,3,4.0
quT7kXyeYSCG.3DNSw--/,334576,1,5,5,5,3,2.0
quT7kXyeYSCG.3DNSw--/,87910,3,5,3,3,3,3.0
quT7kXyeYSCG.3DNSw--/,330012,5,3,3,1,5,4.0
s4NaDc6ZSiEszLleL20C4qHh/,12138,5,5,5,5,3,3.0
s4NaDc6ZSiEszLleL20C4qHh/,322926,3,5,3,3,3,3.0
s4NaDc6ZSiEszLleL20C4qHh/,323501,5,5,3,3,3,3.0
s4NaDc6ZSiEszLleL20C4qHh/,6221,5,3,5,3,3,5.0
s4NaDc6ZSiEszLleL20C4qHh/,162811,1,3,3,3,5,2.0
s4NaDc6ZSiEszLleL20C4qHh/,322105,1,3,1,3,3,3.0
s4NaDc6ZSiEszLleL20C4qHh/,241897,1,5,1,1,3,2.0
s4NaDc6ZSiEszLleL20C4qHh/,13523,5,5,5,5,3,4.0
s4NaDc6ZSiEszLleL20C4qHh/,323990,5,3,3,5,3,4.0
s4NaDc6ZSiEszLleL20C4qHh/,320111,3,3,3,3,3,3.0
s4NaDc6ZSiEszLleL20C4qHh/,324859,3,5,5,5,3,4.0
s4NaDc6ZSiEszLleL20C4qHh/,325790,5,3,3,3,3,4.0
s4NaDc6ZSiEszLleL20C4qHh/,50427,5,3,5,3,5,4.0
s4NaDc6ZSiEszLleL20C4qHh/,325606,5,5,5,3,3,5.0
s4NaDc6ZSiEszLleL20C4qHh/,84316,5,5,5,5,3,4.0
s4NaDc6ZSiEszLleL20C4qHh/,159872,5,5,1,3,3,2.0
s4NaDc6ZSiEszLleL20C4qHh/,323400,5,5,5,3,5,4.0
s4NaDc6ZSiEszLleL20C4qHh/,234691,5,3,3,3,3,3.0
s4NaDc6ZSiEszLleL20C4qHh/,236902,1,5,1,3,3,2.0
s4NaDc6ZSiEszLleL20C4qHh/,320442,3,3,5,3,5,4.0
sqs2WaCFcDjciAmqr6jfdYYPgxh1/,318838,5,5,5,5,3,4.0
sqs2WaCFcDjciAmqr6jfdYYPgxh1/,331400,3,5,3,1,3,3.0
sqs2WaCFcDjciAmqr6jfdYYPgxh1/,328970,3,3,3,3,3,4.0
sqs2WaCFcDjciAmqr6jfdYYPgxh1/,324255,5,5,5,3,3,5.0
sqs2WaCFcDjciAmqr6jfdYYPgxh1/,323801,5,5,5,5,3,4.0
sqs2WaCFcDjciAmqr6jfdYYPgxh1/,319257,5,3,3,5,3,4.0
sqs2WaCFcDjciAmqr6jfdYYPgxh1/,325627,5,3,3,3,3,4.0
sqs2WaCFcDjciAmqr6jfdYYPgxh1/,332617,3,5,5,3,3,4.0
sqs2WaCFcDjciAmqr6jfdYYPgxh1/,329291,5,5,5,3,3,5.0
sqs2WaCFcDjciAmqr6jfdYYPgxh1/,326203,3,3,3,5,3,4.0
sqs2WaCFcDjciAmqr6jfdYYPgxh1/,329224,5,5,5,3,3,5.0
sqs2WaCFcDjciAmqr6jfdYYPgxh1/,325865,3,5,3,3,3,4.0
sqs2WaCFcDjciAmqr6jfdYYPgxh1/,326508,3,5,3,3,5,3.0
sqs2WaCFcDjciAmqr6jfdYYPgxh1/,330434,1,3,1,1,3,1.0
sqs2WaCFcDjciAmqr6jfdYYPgxh1/,324326,5,5,3,3,3,5.0
sqs2WaCFcDjciAmqr6jfdYYPgxh1/,322193,3,5,3,3,3,3.0
sqs2WaCFcDjciAmqr6jfdYYPgxh1/,322717,3,5,5,5,5,4.0
sqs2WaCFcDjciAmqr6jfdYYPgxh1/,322489,5,5,3,3,3,5.0
sqs2WaCFcDjciAmqr6jfdYYPgxh1/,320647,5,5,5,5,3,4.0
sqs2WaCFcDjciAmqr6jfdYYPgxh1/,326723,3,5,3,3,3,3.0
uYWB.yWddD7TdGwxm6jXjXFO/,324736,3,5,3,3,3,3.0
uYWB.yWddD7TdGwxm6jXjXFO/,336897,3,3,3,3,3,3.0
uYWB.yWddD7TdGwxm6jXjXFO/,327600,1,3,1,3,3,1.0
uYWB.yWddD7TdGwxm6jXjXFO/,332814,5,3,3,3,3,3.0
uYWB.yWddD7TdGwxm6jXjXFO/,334516,1,5,3,5,3,2.0
uYWB.yWddD7TdGwxm6jXjXFO/,329681,5,5,5,3,3,3.0
uYWB.yWddD7TdGwxm6jXjXFO/,335516,5,3,5,3,3,4.0
uYWB.yWddD7TdGwxm6jXjXFO/,333223,1,5,1,1,3,1.0
uYWB.yWddD7TdGwxm6jXjXFO/,323985,3,5,3,3,3,3.0
uYWB.yWddD7TdGwxm6jXjXFO/,333641,3,5,5,3,3,2.0
uYWB.yWddD7TdGwxm6jXjXFO/,339919,3,3,3,3,5,2.0
uYWB.yWddD7TdGwxm6jXjXFO/,334462,3,3,3,3,3,3.0
uYWB.yWddD7TdGwxm6jXjXFO/,338050,3,3,3,3,3,2.0
uYWB.yWddD7TdGwxm6jXjXFO/,333281,3,5,3,3,3,3.0
uYWB.yWddD7TdGwxm6jXjXFO/,335408,5,5,5,3,3,4.0
uYWB.yWddD7TdGwxm6jXjXFO/,329493,3,5,5,3,3,3.0
uYWB.yWddD7TdGwxm6jXjXFO/,336970,3,5,3,3,3,2.0
uYWB.yWddD7TdGwxm6jXjXFO/,330022,3,3,3,3,3,3.0
uYWB.yWddD7TdGwxm6jXjXFO/,323683,3,5,3,3,3,3.0
uYWB.yWddD7TdGwxm6jXjXFO/,334235,3,3,3,3,3,4.0
urcDlbideSdsifFradpL/,337733,3,5,5,3,3,4.0
urcDlbideSdsifFradpL/,338532,3,5,5,3,3,5.0
urcDlbideSdsifFradpL/,7378,3,3,3,3,3,5.0
urcDlbideSdsifFradpL/,339230,5,5,5,5,3,5.0
urcDlbideSdsifFradpL/,340507,5,3,3,3,5,5.0
urcDlbideSdsifFradpL/,238071,5,3,5,3,3,3.0
urcDlbideSdsifFradpL/,338610,5,5,5,3,3,4.0
urcDlbideSdsifFradpL/,339967,5,3,5,5,3,4.0
urcDlbideSdsifFradpL/,338161,3,3,3,3,3,5.0
urcDlbideSdsifFradpL/,338054,3,3,3,3,3,4.0
urcDlbideSdsifFradpL/,240710,5,5,5,5,5,5.0
urcDlbideSdsifFradpL/,338140,5,3,3,5,3,4.0
urcDlbideSdsifFradpL/,334832,3,3,5,5,3,5.0
urcDlbideSdsifFradpL/,25895,5,5,5,5,3,5.0
urcDlbideSdsifFradpL/,339373,5,3,5,3,3,4.0
urcDlbideSdsifFradpL/,343336,3,5,5,3,3,5.0
urcDlbideSdsifFradpL/,341568,3,3,5,5,3,4.0
urcDlbideSdsifFradpL/,338649,5,5,5,3,3,5.0
urcDlbideSdsifFradpL/,326218,5,3,3,5,3,5.0
urcDlbideSdsifFradpL/,340335,5,5,5,5,3,5.0
v1d6HlKVfSEqYlCVj4jNIRDQ/,328546,3,5,3,3,3,3.0
v1d6HlKVfSEqYlCVj4jNIRDQ/,325897,3,3,3,5,3,3.0
v1d6HlKVfSEqYlCVj4jNIRDQ/,328907,3,3,3,3,5,4.0
v1d6HlKVfSEqYlCVj4jNIRDQ/,328622,3,3,3,3,3,4.0
v1d6HlKVfSEqYlCVj4jNIRDQ/,326288,3,3,5,3,3,3.0
v1d6HlKVfSEqYlCVj4jNIRDQ/,328735,3,5,3,3,3,3.0
v1d6HlKVfSEqYlCVj4jNIRDQ/,329522,3,5,3,3,3,3.0
v1d6HlKVfSEqYlCVj4jNIRDQ/,330915,3,5,5,3,3,3.0
v1d6HlKVfSEqYlCVj4jNIRDQ/,328895,3,3,3,5,1,2.0
v1d6HlKVfSEqYlCVj4jNIRDQ/,240392,3,5,3,1,3,5.0
v1d6HlKVfSEqYlCVj4jNIRDQ/,327838,5,5,5,5,3,3.0
v1d6HlKVfSEqYlCVj4jNIRDQ/,326233,3,3,3,3,3,4.0
v1d6HlKVfSEqYlCVj4jNIRDQ/,328357,1,5,3,1,3,2.0
v1d6HlKVfSEqYlCVj4jNIRDQ/,329419,5,5,5,5,3,5.0
v1d6HlKVfSEqYlCVj4jNIRDQ/,327081,5,3,5,5,3,4.0
v1d6HlKVfSEqYlCVj4jNIRDQ/,329464,3,3,3,5,3,5.0
v1d6HlKVfSEqYlCVj4jNIRDQ/,328945,5,3,3,3,3,3.0
v1d6HlKVfSEqYlCVj4jNIRDQ/,328755,3,5,3,3,3,3.0
v1d6HlKVfSEqYlCVj4jNIRDQ/,328770,3,3,1,3,3,2.0
v1d6HlKVfSEqYlCVj4jNIRDQ/,329505,5,3,3,3,3,4.0
vDo8ghiXYCP2IHhGfw--/,322605,3,5,5,3,3,4.0
vDo8ghiXYCP2IHhGfw--/,324563,5,3,5,5,3,4.0
vDo8ghiXYCP2IHhGfw--/,322226,1,5,1,1,3,2.0
vDo8ghiXYCP2IHhGfw--/,322994,3,5,5,3,3,3.0
vDo8ghiXYCP2IHhGfw--/,320510,3,3,3,3,3,3.0
vDo8ghiXYCP2IHhGfw--/,328724,5,5,5,5,3,5.0
vDo8ghiXYCP2IHhGfw--/,319259,5,5,5,5,3,5.0
vDo8ghiXYCP2IHhGfw--/,321931,5,5,3,3,3,4.0
vDo8ghiXYCP2IHhGfw--/,324203,3,3,3,3,3,3.0
vDo8ghiXYCP2IHhGfw--/,326551,5,5,5,3,3,5.0
vDo8ghiXYCP2IHhGfw--/,322931,3,3,3,5,3,4.0
vDo8ghiXYCP2IHhGfw--/,323917,3,3,5,3,3,5.0
vDo8ghiXYCP2IHhGfw--/,323471,1,3,3,3,3,4.0
vDo8ghiXYCP2IHhGfw--/,324031,5,3,5,3,3,4.0
vDo8ghiXYCP2IHhGfw--/,324286,1,3,3,3,3,3.0
vDo8ghiXYCP2IHhGfw--/,322539,3,3,1,3,3,3.0
vDo8ghiXYCP2IHhGfw--/,324408,5,5,5,1,3,3.0
vDo8ghiXYCP2IHhGfw--/,329623,3,3,3,3,5,4.0
vDo8ghiXYCP2IHhGfw--/,326744,3,3,3,3,3,3.0
vDo8ghiXYCP2IHhGfw--/,322584,1,1,1,3,3,3.0
vFX8QtOCdCWUhwQJGCJF99w-/,332670,5,3,3,3,3,4.0
vFX8QtOCdCWUhwQJGCJF99w-/,327032,1,3,1,3,3,2.0
vFX8QtOCdCWUhwQJGCJF99w-/,323223,3,3,1,3,3,1.0
vFX8QtOCdCWUhwQJGCJF99w-/,332388,3,3,1,3,3,3.0
vFX8QtOCdCWUhwQJGCJF99w-/,323212,5,3,5,3,3,5.0
vFX8QtOCdCWUhwQJGCJF99w-/,322736,1,3,3,3,3,3.0
vFX8QtOCdCWUhwQJGCJF99w-/,330802,3,3,3,3,3,2.0
vFX8QtOCdCWUhwQJGCJF99w-/,325325,1,1,3,3,3,3.0
vFX8QtOCdCWUhwQJGCJF99w-/,322250,5,3,5,5,3,4.0
vFX8QtOCdCWUhwQJGCJF99w-/,322539,1,3,1,3,3,3.0
vFX8QtOCdCWUhwQJGCJF99w-/,328541,1,3,1,1,3,2.0
vFX8QtOCdCWUhwQJGCJF99w-/,320443,1,3,1,1,3,2.0
vFX8QtOCdCWUhwQJGCJF99w-/,328151,3,3,5,3,3,5.0
vFX8QtOCdCWUhwQJGCJF99w-/,324948,3,3,5,3,3,4.0
vFX8QtOCdCWUhwQJGCJF99w-/,335611,3,3,5,3,3,4.0
vFX8QtOCdCWUhwQJGCJF99w-/,323643,1,5,1,1,1,1.0
vFX8QtOCdCWUhwQJGCJF99w-/,324734,5,3,3,3,3,3.0
vFX8QtOCdCWUhwQJGCJF99w-/,330922,5,5,3,3,3,4.0
vFX8QtOCdCWUhwQJGCJF99w-/,324149,3,5,3,3,3,3.0
vFX8QtOCdCWUhwQJGCJF99w-/,324397,3,5,5,3,3,4.0
wGK4owaReil.nOiiVMBsLMpIEeI7MPg-/,332388,5,5,5,5,3,5.0
wGK4owaReil.nOiiVMBsLMpIEeI7MPg-/,319016,3,3,3,3,3,3.0
wGK4owaReil.nOiiVMBsLMpIEeI7MPg-/,330085,3,3,3,3,3,2.0
wGK4owaReil.nOiiVMBsLMpIEeI7MPg-/,329400,3,3,3,3,5,3.0
wGK4owaReil.nOiiVMBsLMpIEeI7MPg-/,332362,3,3,3,3,3,4.0
wGK4owaReil.nOiiVMBsLMpIEeI7MPg-/,331508,3,3,3,3,3,3.0
wGK4owaReil.nOiiVMBsLMpIEeI7MPg-/,328557,3,5,3,3,3,1.0
wGK4owaReil.nOiiVMBsLMpIEeI7MPg-/,318646,3,3,3,3,3,4.0
wGK4owaReil.nOiiVMBsLMpIEeI7MPg-/,326527,3,3,3,3,3,4.0
wGK4owaReil.nOiiVMBsLMpIEeI7MPg-/,161722,3,3,1,3,3,2.0
wGK4owaReil.nOiiVMBsLMpIEeI7MPg-/,335609,3,3,3,3,3,3.0
wGK4owaReil.nOiiVMBsLMpIEeI7MPg-/,319777,3,3,3,5,3,3.0
wGK4owaReil.nOiiVMBsLMpIEeI7MPg-/,327545,3,3,3,5,3,4.0
wGK4owaReil.nOiiVMBsLMpIEeI7MPg-/,320636,3,3,3,3,3,3.0
wGK4owaReil.nOiiVMBsLMpIEeI7MPg-/,333519,3,3,3,3,3,2.0
wGK4owaReil.nOiiVMBsLMpIEeI7MPg-/,329668,3,3,3,3,3,4.0
wGK4owaReil.nOiiVMBsLMpIEeI7MPg-/,328171,1,3,1,3,3,1.0
wGK4owaReil.nOiiVMBsLMpIEeI7MPg-/,319294,3,3,3,3,3,5.0
wGK4owaReil.nOiiVMBsLMpIEeI7MPg-/,322351,3,3,3,3,3,3.0
wGK4owaReil.nOiiVMBsLMpIEeI7MPg-/,335612,5,3,5,3,3,5.0
xTQxc..YfCJ9m4ltXTA-/,335873,3,3,3,3,3,4.0
xTQxc..YfCJ9m4ltXTA-/,326551,5,5,3,3,3,4.0
xTQxc..YfCJ9m4ltXTA-/,159318,5,3,5,3,3,3.0
xTQxc..YfCJ9m4ltXTA-/,321292,3,3,3,3,3,2.0
xTQxc..YfCJ9m4ltXTA-/,320776,3,3,1,1,3,4.0
xTQxc..YfCJ9m4ltXTA-/,162057,3,1,1,5,3,3.0
xTQxc..YfCJ9m4ltXTA-/,87884,1,1,5,5,3,5.0
xTQxc..YfCJ9m4ltXTA-/,237265,1,3,1,3,3,4.0
xTQxc..YfCJ9m4ltXTA-/,327922,3,3,3,3,1,3.0
xTQxc..YfCJ9m4ltXTA-/,5546,5,3,5,3,3,5.0
xTQxc..YfCJ9m4ltXTA-/,322771,1,5,5,3,5,3.0
xTQxc..YfCJ9m4ltXTA-/,328125,1,3,1,1,3,2.0
xTQxc..YfCJ9m4ltXTA-/,319351,5,5,5,3,3,3.0
xTQxc..YfCJ9m4ltXTA-/,87885,5,3,1,1,3,2.0
xTQxc..YfCJ9m4ltXTA-/,319078,1,3,3,3,3,2.0
xTQxc..YfCJ9m4ltXTA-/,321009,1,1,3,3,3,2.0
xTQxc..YfCJ9m4ltXTA-/,325401,5,3,5,3,3,5.0
xTQxc..YfCJ9m4ltXTA-/,14670,3,3,3,3,3,2.0
xTQxc..YfCJ9m4ltXTA-/,322281,5,5,5,5,3,5.0
xTQxc..YfCJ9m4ltXTA-/,328271,5,3,5,3,5,4.0
z8QHKGWEeieHoU9uvfSwwurfLp4-/,2132,3,3,3,3,3,4.0
z8QHKGWEeieHoU9uvfSwwurfLp4-/,335988,3,3,3,1,3,4.0
z8QHKGWEeieHoU9uvfSwwurfLp4-/,332669,3,3,3,3,3,5.0
z8QHKGWEeieHoU9uvfSwwurfLp4-/,348084,3,5,3,1,3,3.0
z8QHKGWEeieHoU9uvfSwwurfLp4-/,340829,1,5,1,3,3,3.0
z8QHKGWEeieHoU9uvfSwwurfLp4-/,159561,1,3,1,1,3,3.0
z8QHKGWEeieHoU9uvfSwwurfLp4-/,89972,3,3,3,3,3,5.0
z8QHKGWEeieHoU9uvfSwwurfLp4-/,344125,1,1,1,1,3,1.0
z8QHKGWEeieHoU9uvfSwwurfLp4-/,345881,3,3,3,3,3,2.0
z8QHKGWEeieHoU9uvfSwwurfLp4-/,346545,3,3,3,3,1,1.0
z8QHKGWEeieHoU9uvfSwwurfLp4-/,345729,3,3,3,3,3,5.0
z8QHKGWEeieHoU9uvfSwwurfLp4-/,344013,5,3,3,5,3,3.0
z8QHKGWEeieHoU9uvfSwwurfLp4-/,342478,1,3,1,3,5,1.0
z8QHKGWEeieHoU9uvfSwwurfLp4-/,345750,3,3,3,3,3,5.0
z8QHKGWEeieHoU9uvfSwwurfLp4-/,346720,1,5,3,3,3,4.0
z8QHKGWEeieHoU9uvfSwwurfLp4-/,339085,5,3,5,3,3,4.0
z8QHKGWEeieHoU9uvfSwwurfLp4-/,336141,3,3,3,3,3,4.0
z8QHKGWEeieHoU9uvfSwwurfLp4-/,324030,3,3,3,3,5,3.0
z8QHKGWEeieHoU9uvfSwwurfLp4-/,4510,5,5,3,3,3,3.0
z8QHKGWEeieHoU9uvfSwwurfLp4-/,343680,3,3,3,5,3,3.0
